time,lead_i_mV,lead_ii_mV,lead_iii_mV
0.000,-6.80085897,-10.8369474,-4.03608847
0.004,-6.79665041,-10.8321543,-4.03550386
0.008,-6.78378963,-10.8216314,-4.0378418
0.012,-6.78858328,-10.8343754,-4.0457921
0.016,-6.80752325,-10.8430271,-4.03550386
0.020,-6.79805326,-10.8562384,-4.0581851
0.024,-6.8005085,-10.8539,-4.05339146
0.028,-6.79057074,-10.850276,-4.05970526
0.032,-6.79244137,-10.8487558,-4.05631447
0.036,-6.79758549,-10.8599796,-4.06239414
0.040,-6.78706312,-10.8477039,-4.06064081
0.044,-6.79559803,-10.847002,-4.051404
0.048,-6.79524708,-10.8388176,-4.04357052
0.052,-6.80237913,-10.8547182,-4.05233908
0.056,-6.79361057,-10.8533154,-4.05970478
0.060,-6.79910517,-10.8599796,-4.06087446
0.064,-6.79477978,-10.859746,-4.0649662
0.068,-6.78986931,-10.847002,-4.05713272
0.072,-6.80553579,-10.8468847,-4.04134893
0.076,-6.80623722,-10.8537827,-4.04754543
0.080,-6.81442118,-10.8650064,-4.05058527
0.084,-6.80366516,-10.8377657,-4.03410053
0.088,-6.79735184,-10.8367138,-4.03936195
0.092,-6.79688406,-10.8507433,-4.05385923
0.096,-6.81021214,-10.8657084,-4.05549622
0.100,-6.8010931,-10.8701506,-4.06905746
0.104,-6.7887001,-10.8549519,-4.06625175
0.108,-6.79033709,-10.8562384,-4.06590128
0.112,-6.79080439,-10.8589268,-4.06812239
0.116,-6.76753855,-10.8339081,-4.06636953
0.120,-6.75210619,-10.7971964,-4.0450902
0.124,-6.7549119,-10.7676182,-4.01270628
0.128,-6.74520826,-10.7576799,-4.01247168
0.132,-6.75748396,-10.7526531,-3.99516916
0.136,-6.72428083,-10.744586,-4.02030516
0.140,-6.72100735,-10.7659807,-4.04497337
0.144,-6.69411707,-10.7443523,-4.05023527
0.148,-6.69984579,-10.7089272,-4.00908136
0.152,-6.71060181,-10.7296209,-4.01901913
0.156,-6.71948719,-10.7675009,-4.04801369
0.160,-6.72872353,-10.7774382,-4.04871464
0.164,-6.72077322,-10.7466898,-4.02591658
0.168,-6.72392988,-10.7733469,-4.04941702
0.172,-6.71551228,-10.8135643,-4.09805202
0.176,-6.72720337,-10.8295822,-4.10237885
0.180,-6.73211384,-10.8282957,-4.09618187
0.184,-6.7426362,-10.837532,-4.09489584
0.188,-6.73760891,-10.8312187,-4.09360981
0.192,-6.78893375,-10.8757629,-4.08682919
0.196,-6.78893375,-10.8757629,-4.08682919
0.200,-6.79898834,-10.8887405,-4.0897522
0.204,-6.80553579,-10.9041729,-4.0986371
0.208,-6.81301832,-10.9044065,-4.09138823
0.212,-6.81629181,-10.9294262,-4.11313438
0.216,-6.82272196,-10.9330502,-4.1103282
0.220,-6.82447577,-10.9337521,-4.10927629
0.224,-6.81348562,-10.9214764,-4.10799074
0.228,-6.81360245,-10.9288416,-4.11523914
0.232,-6.814538,-10.9280233,-4.11348534
0.236,-6.81944847,-10.9310627,-4.11161423
0.240,-6.81909752,-10.919488,-4.10039043
0.244,-6.81161499,-10.90277,-4.09115505
0.248,-6.80740643,-10.9076805,-4.10027409
0.252,-6.82985353,-10.9275551,-4.09770155
0.256,-6.81301832,-10.9245157,-4.1114974
0.260,-6.81442118,-10.9514055,-4.13698435
0.264,-6.81301832,-10.974905,-4.16188669
0.268,-6.83149052,-10.9892855,-4.15779495
0.272,-6.82716465,-11.0020294,-4.17486477
0.276,-6.77560568,-10.9436893,-4.16808367
0.280,-6.66734409,-10.7385063,-4.07116222
0.284,-6.43632269,-10.5446634,-4.10834074
0.288,-6.19665003,-10.3970022,-4.20035219
0.292,-5.95732832,-9.9568224,-3.99949408
0.296,-5.85666561,-9.60210705,-3.74544144
0.300,-5.83585501,-8.86309624,-3.02724123
0.304,-5.87712526,-8.63008785,-2.75296259
0.308,-6.21360254,-9.25463963,-3.04103708
0.312,-6.48869991,-9.96524048,-3.47654057
0.316,-6.78975248,-10.293417,-3.50366449
0.320,-6.98908997,-10.6445074,-3.65541744
0.324,-7.03538752,-10.800704,-3.76531649
0.328,-7.09431219,-10.9447412,-3.85042906
0.332,-7.07548904,-11.0302057,-3.95471668
0.336,-7.00288582,-11.0470409,-4.04415512
0.340,-6.94115543,-11.0249443,-4.08378887
0.344,-6.85206699,-10.9420528,-4.08998585
0.348,-6.79033709,-10.8569393,-4.06660223
0.352,-6.79875469,-10.8654747,-4.06672001
0.356,-6.78262043,-10.8712034,-4.08858299
0.360,-6.77630711,-10.8741255,-4.09781837
0.364,-6.76204395,-10.8595114,-4.09746742
0.368,-6.75970554,-10.8565893,-4.09688377
0.372,-6.75900412,-10.8747101,-4.11570597
0.376,-6.75280762,-10.8680468,-4.11523914
0.380,-6.75795174,-10.881258,-4.12330627
0.384,-6.74567604,-10.8480539,-4.10237789
0.388,-6.72498226,-10.8263083,-4.10132599
0.392,-6.73936272,-10.8481712,-4.10880852
0.396,-6.72685289,-10.8460665,-4.11921358
0.400,-6.73258162,-10.8278284,-4.09524679
0.404,-6.73760891,-10.8273602,-4.08975124
0.408,-6.71434307,-10.8168383,-4.10249519
0.412,-6.73550463,-10.8325043,-4.09699965
0.416,-6.72252703,-10.8298159,-4.10728884
0.420,-6.70861435,-10.8019905,-4.09337616
0.424,-6.70534086,-10.8077192,-4.10237837
0.428,-6.69704008,-10.7964954,-4.09945536
0.432,-6.69680595,-10.7904158,-4.09360981
0.436,-6.71270609,-10.7880774,-4.07537127
0.440,-6.70674372,-10.7943907,-4.08764696
0.444,-6.66301823,-10.7746325,-4.11161423
0.448,-6.67599535,-10.7593164,-4.08332109
0.452,-6.66933155,-10.7524185,-4.08308697
0.456,-6.66360283,-10.7458715,-4.08226871
0.460,-6.65541887,-10.716877,-4.06145811
0.464,-6.63297129,-10.7061214,-4.07315016
0.468,-6.61695433,-10.6878824,-4.0709281
0.472,-6.63682938,-10.7038994,-4.06707001
0.476,-6.63168526,-10.6820374,-4.0503521
0.480,-6.61870766,-10.6618109,-4.04310322
0.484,-6.60467815,-10.629777,-4.0250988
0.488,-6.5908823,-10.61376,-4.02287769
0.492,-6.58679056,-10.6145782,-4.02778769
0.496,-6.58106184,-10.5872202,-4.00615835
0.500,-6.55078125,-10.554718,-4.00393677
0.504,-6.54645538,-10.5119276,-3.96547222
0.508,-6.57638502,-10.5251389,-3.94875383
0.512,-6.54750729,-10.5355444,-3.98803711
0.516,-6.56025124,-10.5334396,-3.9731884
0.520,-6.59240246,-10.551445,-3.95904255
0.524,-6.57673597,-10.5365963,-3.95986032
0.528,-6.5436492,-10.4982491,-3.95459986
0.532,-6.56153727,-10.5105247,-3.94898748
0.536,-6.57930803,-10.542676,-3.96336794
0.540,-6.58410168,-10.5622005,-3.97809887
0.544,-6.590415,-10.5846481,-3.99423313
0.548,-6.60070324,-10.61376,-4.01305676
0.552,-6.62046146,-10.6428709,-4.02240944
0.556,-6.60374308,-10.657836,-4.05409288
0.560,-6.6099391,-10.6677732,-4.05783415
0.564,-6.64115524,-10.6978207,-4.05666542
0.568,-6.65249586,-10.7114992,-4.05900335
0.572,-6.65308046,-10.7353497,-4.08226919
0.576,-6.67833376,-10.7516003,-4.07326651
0.580,-6.69400024,-10.7853889,-4.0913887
0.584,-6.70802975,-10.8080702,-4.10004044
0.588,-6.70966673,-10.8335571,-4.1238904
0.592,-6.71492767,-10.8543673,-4.13943958
0.596,-6.71305704,-10.8715534,-4.15849638
0.600,-6.71855211,-10.8556538,-4.13710165
0.604,-6.71083593,-10.8488722,-4.13803625
0.608,-6.69914436,-10.8528481,-4.15370369
0.612,-6.70557451,-10.8413906,-4.1358161
0.616,-6.75783491,-10.8570566,-4.09922171
0.620,-6.75339222,-10.890377,-4.13698483
0.624,-6.74240255,-10.8886232,-4.14622068
0.628,-6.73152924,-10.8889742,-4.15744495
0.632,-6.73012638,-10.9110708,-4.18094444
0.636,-6.7286067,-10.9090834,-4.18047667
0.640,-6.72696972,-10.9048738,-4.17790413
0.644,-6.721241,-10.8860512,-4.16481018
0.648,-6.72089005,-10.8879213,-4.16703129
0.652,-6.73702431,-10.8948193,-4.15779495
0.656,-6.73842716,-10.906394,-4.16796684
0.660,-6.76403141,-10.9128246,-4.14879322
0.664,-6.71329069,-10.8644218,-4.15113115
0.668,-6.72392988,-10.8867521,-4.16282225
0.672,-6.75023556,-10.909317,-4.15908146
0.676,-6.75058651,-10.8773994,-4.12681293
0.680,-6.72732067,-10.8562384,-4.12891769
0.684,-6.75818586,-10.899847,-4.14166117
0.688,-6.73351669,-10.896924,-4.16340733
0.692,-6.76449919,-10.8968067,-4.13230753
0.696,-6.73760891,-10.8824272,-4.14481831
0.700,-6.7426362,-10.9135256,-4.17088938
0.704,-6.74193478,-10.9167995,-4.17486477
0.708,-6.70615911,-10.8756456,-4.16948652
0.712,-6.7364397,-10.8908443,-4.15440464
0.716,-6.73749208,-10.8938847,-4.15639257
0.720,-6.73655653,-10.8977423,-4.16118574
0.724,-6.73445225,-10.8914289,-4.1569767
0.728,-6.71305704,-10.8644218,-4.1513648
0.732,-6.72708654,-10.8852329,-4.15814638
0.736,-6.73655653,-10.8923645,-4.15580797
0.740,-6.73188019,-10.8826609,-4.15078068
0.744,-6.6835947,-10.8557701,-4.17217541
0.748,-6.7089653,-10.8887405,-4.17977524
0.752,-6.72895718,-10.906394,-4.17743683
0.756,-6.73877811,-10.9088497,-4.1700716
0.760,-6.72603464,-10.9070959,-4.18106127
0.764,-6.72346258,-10.8958721,-4.17240953
0.768,-6.69785833,-10.8866358,-4.18877745
0.772,-6.71165419,-10.8866358,-4.17498159
0.776,-6.71960402,-10.8902597,-4.17065573
0.780,-6.71656466,-10.8977423,-4.18117762
0.784,-6.71270609,-10.8929491,-4.18024302
0.788,-6.70510674,-10.8900261,-4.18491936
0.792,-6.69259739,-10.8976259,-4.20502853
0.796,-6.68055487,-10.8930655,-4.21251059
0.800,-6.69201279,-10.8841801,-4.19216728
0.804,-6.70557451,-10.8712034,-4.16562891
0.808,-6.66512251,-10.8149681,-4.1498456
0.812,-6.69189548,-10.8362455,-4.14435005
0.816,-6.69341564,-10.8333235,-4.13990784
0.820,-6.6813736,-10.8187094,-4.13733578
0.824,-6.6773982,-10.7838688,-4.10647058
0.828,-6.66126442,-10.7742815,-4.11301708
0.832,-6.65483427,-10.7324266,-4.07759237
0.836,-6.66418743,-10.7596674,-4.09547997
0.840,-6.65272951,-10.7704239,-4.11769438
0.844,-6.61683702,-10.7492619,-4.13242483
0.848,-6.64770222,-10.7611876,-4.11348534
0.852,-6.64138889,-10.8018732,-4.16048431
0.856,-6.64945602,-10.8775167,-4.22806072
0.860,-6.6621995,-10.9075632,-4.24536371
0.864,-6.63881683,-10.9024191,-4.26360226
0.868,-6.68745279,-10.9141102,-4.22665739
0.872,-6.65845823,-10.9008989,-4.2424407
0.876,-6.68733597,-10.8785686,-4.19123268
0.880,-6.67564487,-10.9277897,-4.25214481
0.884,-6.75713348,-10.9438066,-4.18667316
0.888,-6.73597193,-10.9844923,-4.24852037
0.892,-6.75362587,-11.0511332,-4.29750729
0.896,-6.76660347,-11.0501976,-4.28359413
0.900,-6.75760126,-11.0093946,-4.25179338
0.904,-6.74286985,-11.0002756,-4.25740576
0.908,-6.75011873,-10.9538612,-4.2037425
0.912,-6.76216078,-10.9429884,-4.18082762
0.916,-6.74298668,-10.9144611,-4.17147446
0.920,-6.7611084,-10.9739704,-4.21286201
0.924,-6.74626064,-10.9933777,-4.24711704
0.928,-6.75900412,-10.9765425,-4.21753836
0.932,-6.74801397,-10.9251003,-4.17708635
0.936,-6.73269844,-10.9270878,-4.19438934
0.940,-6.74123335,-10.9459105,-4.2046771
0.944,-6.72474861,-10.9461451,-4.22139645
0.948,-6.71492767,-10.9731512,-4.25822353
0.952,-6.73760891,-11.0337133,-4.29610443
0.956,-6.74298668,-11.0914679,-4.34848118
0.960,-6.70966673,-11.0563936,-4.34672689
0.964,-6.6493392,-10.825139,-4.17579985
0.968,-6.54189587,-10.6565495,-4.11465359
0.972,-6.32619047,-10.4506655,-4.124475
0.976,-6.09294796,-10.1228399,-4.02989197
0.980,-5.99731255,-9.78320599,-3.78589344
0.984,-5.93675137,-9.12170887,-3.1849575
0.988,-6.0127449,-8.67568398,-2.66293907
0.992,-6.20600319,-8.83047771,-2.62447453
0.996,-6.41235542,-9.39306545,-2.98071003
1.000,-6.68698549,-10.0669546,-3.37996912
1.004,-6.78110075,-10.3663702,-3.58526945
1.008,-6.94840384,-10.6954823,-3.74707842
1.012,-6.98160744,-10.8961058,-3.91449833
1.016,-7.00814676,-11.0070562,-3.99890947
1.020,-6.93273735,-11.0593166,-4.12657928
1.024,-6.9060812,-11.0559263,-4.14984512
1.028,-6.82774925,-11.018631,-4.19088173
1.032,-6.78823233,-10.9927931,-4.20456076
1.036,-6.72147465,-10.9023018,-4.18082714
1.040,-6.71434307,-10.8887405,-4.17439747
1.044,-6.72042274,-10.8873367,-4.16691399
1.048,-6.69563675,-10.8835955,-4.18795872
1.052,-6.72311163,-10.9087324,-4.18562078
1.056,-6.70697737,-10.8860512,-4.17907381
1.060,-6.69458485,-10.8895588,-4.19497395
1.064,-6.69926119,-10.9076805,-4.20841932
1.068,-6.68488073,-10.8781013,-4.19322062
1.072,-6.68078899,-10.8791533,-4.19836426
1.076,-6.67470932,-10.8749447,-4.20023537
1.080,-6.6499238,-10.8606806,-4.21075678
1.084,-6.64396095,-10.8896751,-4.24571419
1.088,-6.69435072,-10.9084988,-4.21414804
1.092,-6.68733597,-10.9088497,-4.22151375
1.096,-6.64232445,-10.834609,-4.19228458
1.100,-6.61824036,-10.8503923,-4.23215199
1.104,-6.62256622,-10.8557701,-4.23320389
1.108,-6.62385225,-10.8409224,-4.2170701
1.112,-6.62011099,-10.8479376,-4.2278266
1.116,-6.62981462,-10.8215151,-4.19170046
1.120,-6.65378189,-10.8686314,-4.21484947
1.124,-6.63378954,-10.8708525,-4.23706293
1.128,-6.61753893,-10.8259573,-4.20841837
1.132,-6.58550453,-10.7989502,-4.21344566
1.136,-6.59357166,-10.7479763,-4.15440464
1.140,-6.5902977,-10.772645,-4.1823473
1.144,-6.62607336,-10.8347263,-4.20865297
1.148,-6.5892458,-10.7397919,-4.15054607
1.152,-6.58854437,-10.7334785,-4.14493418
1.156,-6.56153727,-10.6412344,-4.07969713
1.160,-6.5442338,-10.6074467,-4.06321287
1.164,-6.5172267,-10.6025362,-4.08530951
1.168,-6.51944828,-10.5923643,-4.07291603
1.172,-6.50717258,-10.5854664,-4.0782938
1.176,-6.49501324,-10.5661755,-4.07116222
1.180,-6.50085926,-10.5742426,-4.07338333
1.184,-6.47478724,-10.52701,-4.05222273
1.188,-6.46940947,-10.5340242,-4.06461477
1.192,-6.47151375,-10.5189428,-4.04742908
1.196,-6.4667201,-10.5148506,-4.04813051
1.200,-6.44836473,-10.5169554,-4.06859064
1.204,-6.43340015,-10.4901819,-4.05678177
1.208,-6.4600563,-10.5102911,-4.05023479
1.212,-6.45409346,-10.5224504,-4.06835699
1.216,-6.44976759,-10.5105247,-4.06075716
1.220,-6.42825556,-10.4974308,-4.06917524
1.224,-6.43877792,-10.5236197,-4.08484173
1.228,-6.44637728,-10.5438452,-4.0974679
1.232,-6.45573044,-10.570034,-4.11430359
1.236,-6.48624468,-10.6272049,-4.14096022
1.240,-6.50752306,-10.6695271,-4.16200399
1.244,-6.52482653,-10.6782961,-4.15346956
1.248,-6.55943251,-10.7113819,-4.15194941
1.252,-6.53441334,-10.7010937,-4.16668034
1.256,-6.58316612,-10.7484436,-4.16527748
1.260,-6.60912085,-10.8023415,-4.19322062
1.264,-6.60058641,-10.7963781,-4.19579172
1.268,-6.60292435,-10.8014059,-4.19848156
1.272,-6.62502098,-10.8335571,-4.20853615
1.276,-6.62981462,-10.8501587,-4.22034407
1.280,-6.6363616,-10.8495741,-4.21321249
1.284,-6.60526276,-10.8455992,-4.24033642
1.288,-6.63951826,-10.8963394,-4.25682116
1.292,-6.63729715,-10.9101353,-4.27283812
1.296,-6.64770222,-10.9006653,-4.25296307
1.300,-6.6689806,-10.9267368,-4.25775623
1.304,-6.63507557,-10.8885059,-4.25343037
1.308,-6.64559793,-10.8782177,-4.23261976
1.312,-6.64279222,-10.8952875,-4.25249529
1.316,-6.6695652,-10.930829,-4.26126385
1.320,-6.65787411,-10.9312963,-4.27342224
1.324,-6.64267492,-10.9252167,-4.28254175
1.328,-6.67377424,-10.9426374,-4.2688632
1.332,-6.63823223,-10.896924,-4.25869179
1.336,-6.67283869,-10.9247494,-4.25191069
1.340,-6.68675137,-10.9171505,-4.23039913
1.344,-6.64279222,-10.8740091,-4.23121691
1.348,-6.64337683,-10.8814917,-4.23811483
1.352,-6.65296364,-10.8925982,-4.23963451
1.356,-6.65424967,-10.9131746,-4.25892496
1.360,-6.66255045,-10.8920135,-4.2294631
1.364,-6.66079664,-10.9004316,-4.23963499
1.368,-6.65787411,-10.9099016,-4.25202751
1.372,-6.64302588,-10.8846483,-4.24162245
1.376,-6.65109301,-10.8944693,-4.24337626
1.380,-6.64501333,-10.878335,-4.23332167
1.384,-6.62607336,-10.8676958,-4.24162245
1.388,-6.65916014,-10.8949366,-4.23577642
1.392,-6.64711761,-10.8890905,-4.24197292
1.396,-6.63343906,-10.9039392,-4.27050018
1.400,-6.63004827,-10.8844147,-4.2543664
1.404,-6.63928461,-10.8925982,-4.25331354
1.408,-6.61905861,-10.8738918,-4.25483322
1.412,-6.62771034,-10.8871031,-4.25939274
1.416,-6.61800623,-10.8888569,-4.27085066
1.420,-6.62864542,-10.9144611,-4.28581572
1.424,-6.62817764,-10.912941,-4.28476334
1.428,-6.61976004,-10.9004316,-4.2806716
1.432,-6.6162529,-10.9075632,-4.29131031
1.436,-6.61145926,-10.9099016,-4.29844236
1.440,-6.63226986,-10.9061604,-4.2738905
1.444,-6.62198162,-10.9012499,-4.27926826
1.448,-6.61403131,-10.8868694,-4.27283812
1.452,-6.59509134,-10.8757629,-4.2806716
1.456,-6.61403131,-10.91224,-4.29820871
1.460,-6.6302824,-10.9083815,-4.27809906
1.464,-6.6044445,-10.8920135,-4.28756905
1.468,-6.60163832,-10.8720217,-4.27038336
1.472,-6.61870766,-10.9074459,-4.28873825
1.476,-6.6173048,-10.9097843,-4.29247952
1.480,-6.60877037,-10.9134092,-4.30463886
1.484,-6.59532499,-10.9115381,-4.31621313
1.488,-6.58889484,-10.8886232,-4.29972839
1.492,-6.55580854,-10.8664093,-4.31060076
1.496,-6.56095266,-10.8638372,-4.30288458
1.500,-6.54891062,-10.8237362,-4.27482557
1.504,-6.54551983,-10.7956772,-4.25015736
1.508,-6.56025124,-10.7787247,-4.21847343
1.512,-6.58702421,-10.8210468,-4.23402262
1.516,-6.55615902,-10.787961,-4.23180199
1.520,-6.55300236,-10.8195276,-4.26652527
1.524,-6.5185132,-10.7733469,-4.2548337
1.528,-6.51032925,-10.7533541,-4.24302483
1.532,-6.52143574,-10.7793093,-4.25787354
1.536,-6.5307889,-10.8229179,-4.29212904
1.540,-6.52763224,-10.8176565,-4.29002428
1.544,-6.54633856,-10.8309851,-4.28464651
1.548,-6.53628397,-10.8405714,-4.30428743
1.552,-6.54096031,-10.8755293,-4.33456898
1.556,-6.55417156,-10.9072123,-4.3530407
1.560,-6.57018852,-10.9242821,-4.35409355
1.564,-6.55358696,-10.9178514,-4.36426449
1.568,-6.57089043,-10.9300108,-4.35912037
1.572,-6.58795977,-10.9262695,-4.33830976
1.576,-6.63250351,-10.968358,-4.33585453
1.580,-6.64103842,-10.9895191,-4.3484807
1.584,-6.63343906,-10.9812183,-4.34777927
1.588,-6.61859083,-10.9643831,-4.34579229
1.592,-6.63437414,-10.9877663,-4.35339212
1.596,-6.62771034,-11.0017958,-4.37408543
1.600,-6.61999369,-11.0046015,-4.38460779
1.604,-6.62735939,-11.0023804,-4.37502098
1.608,-6.63390684,-11.0046015,-4.37069464
1.612,-6.6296978,-10.9910393,-4.36134148
1.616,-6.62478733,-10.9878826,-4.36309528
1.620,-6.61473274,-10.9732685,-4.35853577
1.624,-6.62151384,-10.993845,-4.37233114
1.628,-6.63121748,-10.9968853,-4.36566782
1.632,-6.62899637,-10.987649,-4.35865259
1.636,-6.63834953,-10.9794645,-4.341115
1.640,-6.64828682,-11.0168772,-4.36859035
1.644,-6.65097618,-11.0219049,-4.37092876
1.648,-6.6443119,-11.0222549,-4.37794304
1.652,-6.63449097,-10.9830894,-4.34859848
1.656,-6.55195045,-10.8016396,-4.2496891
1.660,-6.44322062,-10.688467,-4.24524641
1.664,-6.17396879,-10.5399876,-4.36601877
1.668,-5.92143583,-10.3580694,-4.43663359
1.672,-5.70912075,-9.92958164,-4.22046089
1.676,-5.59302568,-9.30304241,-3.71001673
1.680,-5.58262014,-8.84532547,-3.26270533
1.684,-5.78534842,-9.05740643,-3.27205801
1.688,-6.09329844,-9.59439087,-3.50109243
1.692,-6.44637728,-10.2222166,-3.77583933
1.696,-6.62899637,-10.5256071,-3.89661074
1.700,-6.81629181,-10.7954435,-3.97915173
1.704,-6.87767124,-10.9349213,-4.05725002
1.708,-6.88456917,-11.0282183,-4.1436491
1.712,-6.8606019,-11.0686703,-4.20806837
1.716,-6.79922247,-11.0487947,-4.24957228
1.720,-6.70498991,-10.9681244,-4.26313448
1.724,-6.66909742,-10.9103689,-4.2412715
1.728,-6.62127972,-10.8834791,-4.2621994
1.732,-6.62583971,-10.8945856,-4.2687459
1.736,-6.62315035,-10.8709688,-4.24781847
1.740,-6.60830259,-10.8846483,-4.27634573
1.744,-6.61145926,-10.8961058,-4.28464651
1.748,-6.5914669,-10.869216,-4.27774906
1.752,-6.57837248,-10.8460665,-4.267694
1.756,-6.59064865,-10.8678122,-4.27716351
1.760,-6.57942486,-10.8569393,-4.27751446
1.764,-6.5696044,-10.8397532,-4.27014875
1.768,-6.56691504,-10.841507,-4.27459192
1.772,-6.5650444,-10.8595114,-4.29446697
1.776,-6.5639925,-10.8318033,-4.26781082
1.780,-6.56060171,-10.8347263,-4.27412462
1.784,-6.53675127,-10.8321543,-4.295403
1.788,-6.55300236,-10.841156,-4.28815365
1.792,-6.51863003,-10.8120451,-4.29341507
1.796,-6.52622938,-10.8356609,-4.30943155
1.800,-6.53464699,-10.8355446,-4.3008976
1.804,-6.51547337,-10.8391685,-4.32369518
1.808,-6.53289318,-10.8520288,-4.31913567
1.812,-6.52318954,-10.8513279,-4.32813835
1.816,-6.51944828,-10.8363628,-4.31691456
1.820,-6.48753071,-10.8115768,-4.32404613
1.824,-6.49583197,-10.7953262,-4.29949427
1.828,-6.50214529,-10.7960281,-4.29388285
1.832,-6.47735929,-10.7754507,-4.29809141
1.836,-6.46379757,-10.7746325,-4.31083488
1.840,-6.44859886,-10.7708912,-4.32229233
1.844,-6.44018078,-10.7525358,-4.31235504
1.848,-6.44333744,-10.7395582,-4.29622078
1.852,-6.43503666,-10.7196836,-4.28464699
1.856,-6.43901157,-10.7372198,-4.29820824
1.860,-6.42439747,-10.7166433,-4.29224586
1.864,-6.40288544,-10.6732683,-4.27038288
1.868,-6.39715672,-10.6646166,-4.26745987
1.872,-6.3796196,-10.6290751,-4.24945545
1.876,-6.37997055,-10.6252174,-4.24524689
1.880,-6.35460043,-10.5914288,-4.23682833
1.884,-6.3533144,-10.5694494,-4.21613503
1.888,-6.35366488,-10.5658255,-4.21216059
1.892,-6.35074186,-10.5647726,-4.21403074
1.896,-6.35109282,-10.5673447,-4.21625185
1.900,-6.34863758,-10.5640717,-4.21543407
1.904,-6.3533144,-10.5348425,-4.18152809
1.908,-6.35039139,-10.5457163,-4.1953249
1.912,-6.33554316,-10.551795,-4.21625185
1.916,-6.34571457,-10.5818424,-4.23612785
1.920,-6.36348581,-10.5964565,-4.23297071
1.924,-6.37435865,-10.6093168,-4.23495817
1.928,-6.37389088,-10.6196051,-4.24571419
1.932,-6.37985373,-10.6383114,-4.25845766
1.936,-6.40943289,-10.6696444,-4.26021147
1.940,-6.42311144,-10.7005091,-4.27739763
1.944,-6.42755413,-10.7125511,-4.28499699
1.948,-6.419487,-10.7252951,-4.30580807
1.952,-6.4386611,-10.7637596,-4.32509851
1.956,-6.44193459,-10.7648115,-4.32287693
1.960,-6.45748425,-10.7872591,-4.32977486
1.964,-6.45011854,-10.7815304,-4.33141184
1.968,-6.46987677,-10.8000031,-4.33012629
1.972,-6.45725012,-10.7828169,-4.32556677
1.976,-6.46636963,-10.8122787,-4.34590912
1.980,-6.47981453,-10.828764,-4.34894943
1.984,-6.47654104,-10.8203459,-4.34380484
1.988,-6.46695423,-10.8084202,-4.34146595
1.992,-6.47046137,-10.8237362,-4.35327482
1.996,-6.47724247,-10.8322706,-4.35502815
2.000,-6.46660328,-10.8239698,-4.35736656
2.004,-6.44731283,-10.8115768,-4.36426401
2.008,-6.45853615,-10.8208132,-4.36227703
2.012,-6.4460268,-10.7975473,-4.35152054
2.016,-6.43129539,-10.7836351,-4.35233974
2.020,-6.42907429,-10.7933388,-4.36426449
2.024,-6.45175552,-10.8060827,-4.3543272
2.028,-6.44555902,-10.8059654,-4.3604064
2.032,-6.44965076,-10.8154354,-4.36578465
2.036,-6.44626045,-10.7952089,-4.34894848
2.040,-6.4532752,-10.8180075,-4.36473227
2.044,-6.46520042,-10.816371,-4.35117054
2.048,-6.43714094,-10.8008213,-4.36368036
2.052,-6.42790508,-10.7897148,-4.36180973
2.056,-6.43959618,-10.8146172,-4.37502098
2.060,-6.4402976,-10.7982492,-4.35795164
2.064,-6.42252684,-10.7767372,-4.35421038
2.068,-6.42977571,-10.7910004,-4.36122465
2.072,-6.43749189,-10.7859735,-4.34848166
2.076,-6.43585491,-10.7742815,-4.33842659
2.080,-6.42077351,-10.7779064,-4.35713291
2.084,-6.4196043,-10.7657471,-4.34614277
2.088,-6.4122386,-10.7589664,-4.34672785
2.092,-6.40569162,-10.7425985,-4.33690691
2.096,-6.3987937,-10.7376881,-4.33889437
2.100,-6.40966654,-10.7616549,-4.35198832
2.104,-6.40861416,-10.7486773,-4.3400631
2.108,-6.38990831,-10.7323103,-4.34240198
2.112,-6.39540291,-10.7339468,-4.33854389
2.116,-6.39505243,-10.7448196,-4.34976721
2.120,-6.39341545,-10.7339468,-4.34053135
2.124,-6.3920126,-10.7291536,-4.33714104
2.128,-6.38944054,-10.7296209,-4.3401804
2.132,-6.39470148,-10.7338295,-4.33912802
2.136,-6.40674353,-10.7333622,-4.32661867
2.140,-6.38745308,-10.7365189,-4.34906578
2.144,-6.38558245,-10.7325439,-4.3469615
2.148,-6.37728167,-10.741312,-4.36403036
2.152,-6.34945583,-10.7054195,-4.35596371
2.156,-6.36243343,-10.7071733,-4.34473991
2.160,-6.3527298,-10.6903381,-4.33760834
2.164,-6.35366488,-10.6175003,-4.26383543
2.168,-6.36383629,-10.6048737,-4.24103737
2.172,-6.3465333,-10.5949364,-4.24840307
2.176,-6.36769438,-10.6213589,-4.25366449
2.180,-6.35576916,-10.6245155,-4.26874638
2.184,-6.33086681,-10.5777502,-4.24688339
2.188,-6.30175543,-10.5558872,-4.25413179
2.192,-6.3083024,-10.5838299,-4.27552748
2.196,-6.32595634,-10.5903769,-4.26442051
2.200,-6.34220743,-10.6007824,-4.25857496
2.204,-6.3471179,-10.6249828,-4.27786493
2.208,-6.33624458,-10.6360903,-4.2998457
2.212,-6.33905077,-10.6511717,-4.31212091
2.216,-6.32361794,-10.6586542,-4.33503628
2.220,-6.32104588,-10.6455603,-4.32451439
2.224,-6.34571457,-10.6570177,-4.31130314
2.228,-6.36208248,-10.6622782,-4.30019569
2.232,-6.37541103,-10.6699953,-4.29458427
2.236,-6.39598751,-10.7069397,-4.31095219
2.240,-6.41831827,-10.7374544,-4.31913614
2.244,-6.41527843,-10.7431831,-4.3279047
2.248,-6.40580845,-10.725646,-4.31983757
2.252,-6.42720366,-10.7295036,-4.30229998
2.256,-6.4268527,-10.7624731,-4.3356204
2.260,-6.43024349,-10.7658644,-4.33562088
2.264,-6.42053938,-10.7485609,-4.32802153
2.268,-6.41504431,-10.7231903,-4.308146
2.272,-6.40756226,-10.7303219,-4.32275963
2.276,-6.41574621,-10.7447023,-4.32895613
2.280,-6.43573809,-10.7616549,-4.32591677
2.284,-6.43410158,-10.7485609,-4.31445932
2.288,-6.43141222,-10.7408447,-4.30943251
2.292,-6.43293238,-10.7420139,-4.30908155
2.296,-6.42030573,-10.7418966,-4.3215909
2.300,-6.42661905,-10.7501974,-4.32357836
2.304,-6.42077351,-10.7594337,-4.33866024
2.308,-6.4392457,-10.7581482,-4.31890249
2.312,-6.4128232,-10.7552252,-4.34240198
2.316,-6.40697765,-10.7458715,-4.33889389
2.320,-6.35167742,-10.5381165,-4.18643904
2.324,-6.2498455,-10.3978205,-4.14797497
2.328,-6.00993919,-10.1983662,-4.18842697
2.332,-5.76874638,-9.9714365,-4.20269012
2.336,-5.6312561,-9.52295685,-3.89170074
2.340,-5.53328276,-8.89454651,-3.36126375
2.344,-5.52673578,-8.44279289,-2.91605711
2.348,-5.70596409,-8.67147541,-2.96551132
2.352,-5.96597958,-9.21196651,-3.24598694
2.356,-6.27416372,-9.86995602,-3.59579229
2.360,-6.45257378,-10.227828,-3.77525425
2.364,-6.60619831,-10.5301666,-3.92396832
2.368,-6.64454556,-10.7328939,-4.08834839
2.372,-6.65191126,-10.7880774,-4.1361661
2.376,-6.590415,-10.8093557,-4.21894073
2.380,-6.55347013,-10.8067837,-4.25331354
2.384,-6.45783472,-10.735116,-4.27728128
2.388,-6.42755413,-10.6758404,-4.24828625
2.392,-6.41656446,-10.6504707,-4.23390627
2.396,-6.4060421,-10.6434555,-4.23741341
2.400,-6.40113163,-10.6461449,-4.24501324
2.404,-6.38745308,-10.6247492,-4.2372961
2.408,-6.3734231,-10.610837,-4.23741388
2.412,-6.39470148,-10.6324654,-4.23776388
2.416,-6.36290121,-10.6120062,-4.24910498
2.420,-6.35179424,-10.6155128,-4.26371861
2.424,-6.36500549,-10.6148119,-4.2498064
2.428,-6.35834122,-10.6056929,-4.24735165
2.432,-6.3605628,-10.6004314,-4.23986864
2.436,-6.34700108,-10.5923643,-4.24536324
2.440,-6.35191107,-10.5804396,-4.2285285
2.444,-6.34290886,-10.5819588,-4.23904991
2.448,-6.33706331,-10.5673447,-4.23028135
2.452,-6.33823252,-10.5715542,-4.23332167
2.456,-6.33846617,-10.5639544,-4.22548819
2.460,-6.33425713,-10.5569391,-4.222682
2.464,-6.32700872,-10.5433779,-4.21636915
2.468,-6.3285284,-10.5319204,-4.20339203
2.472,-6.32373524,-10.5314522,-4.20771694
2.476,-6.31905842,-10.5216312,-4.20257282
2.480,-6.31157589,-10.5009384,-4.18936253
2.484,-6.30841923,-10.4788418,-4.17042255
2.488,-6.30350924,-10.467618,-4.16410875
2.492,-6.29158401,-10.4531202,-4.16153622
2.496,-6.2807107,-10.4285688,-4.14785814
2.500,-6.28164625,-10.4214373,-4.13979101
2.504,-6.27416372,-10.4231901,-4.14902639
2.508,-6.27205944,-10.4133701,-4.14131069
2.512,-6.28445196,-10.3968849,-4.11243296
2.516,-6.28000927,-10.3858948,-4.10588551
2.520,-6.26352453,-10.3501196,-4.08659506
2.524,-6.23944044,-10.3066273,-4.06718683
2.528,-6.22622919,-10.2954044,-4.06917524
2.532,-6.22622919,-10.2740088,-4.04777956
2.536,-6.21231651,-10.2679291,-4.05561256
2.540,-6.21430397,-10.2556534,-4.04134941
2.544,-6.21231651,-10.2363625,-4.02404594
2.548,-6.20074224,-10.2155523,-4.01481009
2.552,-6.19793606,-10.2142658,-4.01632977
2.556,-6.19863749,-10.2085371,-4.00989962
2.560,-6.19688368,-10.2053804,-4.00849676
2.564,-6.20202827,-10.1969633,-3.99493504
2.568,-6.18086672,-10.1810627,-4.00019598
2.572,-6.18460798,-10.1942739,-4.00966597
2.576,-6.20261288,-10.2261915,-4.02357864
2.580,-6.203197,-10.2357779,-4.03258085
2.584,-6.21956491,-10.2658253,-4.04626036
2.588,-6.21594095,-10.2792702,-4.06332922
2.592,-6.23873901,-10.3265028,-4.08776379
2.596,-6.25311947,-10.3537436,-4.10062408
2.600,-6.25206709,-10.3699951,-4.11792803
2.604,-6.27919102,-10.4024963,-4.12330532
2.608,-6.28573799,-10.4205017,-4.13476372
2.612,-6.29555893,-10.4338293,-4.13827038
2.616,-6.31730461,-10.4630585,-4.14575386
2.620,-6.32876253,-10.4941568,-4.16539431
2.624,-6.32046127,-10.4877272,-4.16726589
2.628,-6.34805298,-10.5194101,-4.17135715
2.632,-6.34185648,-10.5254898,-4.18363333
2.636,-6.35156059,-10.5465345,-4.19497395
2.640,-6.35623693,-10.5464172,-4.1901803
2.644,-6.3605628,-10.5522633,-4.19170046
2.648,-6.35132647,-10.5488729,-4.19754648
2.652,-6.35799074,-10.5561209,-4.19813013
2.656,-6.35460043,-10.5683975,-4.21379709
2.660,-6.36371946,-10.5722551,-4.20853567
2.664,-6.33940125,-10.5458326,-4.20643139
2.668,-6.34887123,-10.5498075,-4.20093632
2.672,-6.35530186,-10.5590439,-4.20374203
2.676,-6.36722708,-10.5647726,-4.19754553
2.680,-6.36979914,-10.5726061,-4.20280695
2.684,-6.37833357,-10.5747108,-4.19637728
2.688,-6.36605787,-10.5590439,-4.19298601
2.692,-6.37073421,-10.564539,-4.19380474
2.696,-6.36722708,-10.5596285,-4.19240141
2.700,-6.36839581,-10.5690985,-4.20070267
2.704,-6.37447548,-10.5756454,-4.20116997
2.708,-6.37096834,-10.5653572,-4.19438887
2.712,-6.37330627,-10.5720215,-4.19871521
2.716,-6.38265944,-10.5720215,-4.18936205
2.720,-6.37529373,-10.5624342,-4.18714046
2.724,-6.36710978,-10.5494576,-4.18234777
2.728,-6.36687613,-10.5465345,-4.17965841
2.732,-6.36231661,-10.529933,-4.16761637
2.736,-6.3785677,-10.5555363,-4.17696857
2.740,-6.3728385,-10.5556536,-4.18281507
2.744,-6.36816216,-10.5427933,-4.17463112
2.748,-6.36278439,-10.5314522,-4.16866779
2.752,-6.36594105,-10.5458326,-4.17989159
2.756,-6.36699295,-10.535778,-4.1687851
2.760,-6.37599516,-10.5582256,-4.18223047
2.764,-6.37248802,-10.5323877,-4.15989971
2.768,-6.374125,-10.5329723,-4.15884733
2.772,-6.36266708,-10.5316858,-4.16901875
2.776,-6.36044598,-10.529582,-4.16913605
2.780,-6.35658789,-10.5301666,-4.17357874
2.784,-6.36184883,-10.5364799,-4.17463112
2.788,-6.35658789,-10.5326214,-4.1760335
2.792,-6.37213707,-10.555069,-4.1829319
2.796,-6.36594105,-10.5425596,-4.17661858
2.800,-6.34279203,-10.533206,-4.19041395
2.804,-6.36009502,-10.5418577,-4.1817627
2.808,-6.36862993,-10.5443125,-4.17568254
2.812,-6.37131882,-10.5454817,-4.17416286
2.816,-6.36547327,-10.5388184,-4.17334509
2.820,-6.37225437,-10.5519123,-4.17965794
2.824,-6.36605787,-10.5520296,-4.18597174
2.828,-6.36290121,-10.5489893,-4.18608809
2.832,-6.3549509,-10.5459499,-4.19099903
2.836,-6.36009502,-10.548522,-4.18842697
2.840,-6.32700872,-10.5093555,-4.18234682
2.844,-6.33063316,-10.486908,-4.1562748
2.848,-6.32256603,-10.4484434,-4.12587738
2.852,-6.32619047,-10.4335957,-4.10740519
2.856,-6.3397522,-10.4376879,-4.09793568
2.860,-6.33998585,-10.4360514,-4.09606552
2.864,-6.33834934,-10.4269314,-4.08858204
2.868,-6.3195262,-10.4335957,-4.11406946
2.872,-6.29836464,-10.4091606,-4.11079597
2.876,-6.29099941,-10.3794651,-4.08846569
2.880,-6.29661131,-10.4003925,-4.10378122
2.884,-6.2959094,-10.4008598,-4.10495043
2.888,-6.28433514,-10.3934946,-4.10915947
2.892,-6.2948575,-10.4090443,-4.11418676
2.896,-6.30304146,-10.4443521,-4.14131069
2.900,-6.29088259,-10.4478588,-4.15697622
2.904,-6.30350924,-10.4763861,-4.17287683
2.908,-6.3071332,-10.4726448,-4.16551161
2.912,-6.31555128,-10.4801273,-4.16457605
2.916,-6.33320522,-10.4959106,-4.16270542
2.920,-6.36091375,-10.5196438,-4.15873003
2.924,-6.36208248,-10.535778,-4.17369556
2.928,-6.38733578,-10.5544844,-4.16714859
2.932,-6.38967419,-10.5747108,-4.18503666
2.936,-6.38792038,-10.5810242,-4.19310379
2.940,-6.379035,-10.5747108,-4.19567585
2.944,-6.38113976,-10.572957,-4.19181728
2.948,-6.38815451,-10.5737753,-4.18562078
2.952,-6.38441324,-10.5751781,-4.1907649
2.956,-6.39294767,-10.5682802,-4.17533255
2.960,-6.40639305,-10.5676956,-4.16130257
2.964,-6.39832592,-10.5783348,-4.18000889
2.968,-6.3937664,-10.5669937,-4.17322731
2.972,-6.40557432,-10.5833616,-4.1777873
2.976,-6.40639305,-10.5816088,-4.17521572
2.980,-6.40195036,-10.5851154,-4.18316507
2.984,-6.40019655,-10.5867529,-4.18655634
2.988,-6.38838816,-10.5908442,-4.202456
2.992,-6.38990831,-10.6000805,-4.21017218
2.996,-6.42217636,-10.6407661,-4.21858978
3.000,-6.41095257,-10.6295433,-4.21859074
3.004,-6.33332205,-10.4401426,-4.10682058
3.008,-6.25534058,-10.3086157,-4.05327511
3.012,-6.04092121,-10.1293869,-4.08846569
3.016,-5.8132906,-9.97786713,-4.16457653
3.020,-5.59302568,-9.54189682,-3.94887114
3.024,-5.49435043,-9.17209911,-3.67774868
3.028,-5.45845795,-8.46114826,-3.00269032
3.032,-5.56777239,-8.4175396,-2.84976721
3.036,-5.81095219,-8.87385273,-3.06290054
3.040,-6.1819191,-9.61941051,-3.43749142
3.044,-6.37202024,-9.97447681,-3.60245657
3.048,-6.55487299,-10.2909613,-3.73608828
3.052,-6.61847401,-10.4718266,-3.85335255
3.056,-6.65787411,-10.6070957,-3.94922161
3.060,-6.6178894,-10.6452093,-4.02731991
3.064,-6.55195045,-10.6391296,-4.08717918
3.068,-6.46075773,-10.5916624,-4.13090467
3.072,-6.41925335,-10.5378828,-4.11862946
3.076,-6.37938595,-10.4751005,-4.09571457
3.080,-6.36827898,-10.4665651,-4.09828615
3.084,-6.35892582,-10.464695,-4.10576916
3.088,-6.35682154,-10.4747496,-4.11792803
3.092,-6.34431171,-10.4659805,-4.12166882
3.096,-6.34197378,-10.470891,-4.12891722
3.100,-6.34314251,-10.4699554,-4.12681293
3.104,-6.32876253,-10.4546404,-4.12587786
3.108,-6.33016539,-10.4501972,-4.12003183
3.112,-6.32198143,-10.4447021,-4.12272072
3.116,-6.31636953,-10.4358168,-4.11944723
3.120,-6.30234003,-10.4312572,-4.12891722
3.124,-6.30409336,-10.4227228,-4.11862946
3.128,-6.31134224,-10.4286852,-4.11734295
3.132,-6.30000162,-10.4161758,-4.11617422
3.136,-6.29661131,-10.4186306,-4.12201929
3.140,-6.30222321,-10.4148893,-4.11266613
3.144,-6.29228544,-10.3930264,-4.10074091
3.148,-6.28036022,-10.3786469,-4.09828663
3.152,-6.27673578,-10.3765421,-4.09980631
3.156,-6.27673578,-10.3711643,-4.09442854
3.160,-6.26796722,-10.3629799,-4.09501266
3.164,-6.27124071,-10.3525743,-4.08133364
3.168,-6.26457691,-10.3443909,-4.07981396
3.172,-6.25767899,-10.3263865,-4.06870747
3.176,-6.26247215,-10.324048,-4.06157589
3.180,-6.25791264,-10.3207741,-4.06286144
3.184,-6.23137331,-10.2867527,-4.05537939
3.188,-6.22622919,-10.2606812,-4.03445196
3.192,-6.23289347,-10.2671108,-4.03421736
3.196,-6.21313477,-10.2554197,-4.04228497
3.200,-6.21652555,-10.2410393,-4.02451372
3.204,-6.19606543,-10.2043285,-4.00826311
3.208,-6.18729687,-10.1849203,-3.99762344
3.212,-6.19138908,-10.1762695,-3.98488045
3.216,-6.17958069,-10.1644611,-3.98488045
3.220,-6.15526247,-10.1264639,-3.97120142
3.224,-6.1571331,-10.1216707,-3.96453762
3.228,-6.14450645,-10.0937281,-3.94922161
3.232,-6.15222311,-10.0943127,-3.94208956
3.236,-6.14801407,-10.0847263,-3.93671227
3.240,-6.14170074,-10.062746,-3.9210453
3.244,-6.12825584,-10.0438061,-3.91555023
3.248,-6.12860632,-10.0380774,-3.90947104
3.252,-6.12042236,-10.0390129,-3.91859055
3.256,-6.13410139,-10.0515223,-3.91742086
3.260,-6.13152933,-10.0611095,-3.92958021
3.264,-6.14509106,-10.0799322,-3.93484116
3.268,-6.15210581,-10.1077576,-3.95565176
3.272,-6.15619802,-10.1203842,-3.96418619
3.276,-6.18343878,-10.1595507,-3.97611189
3.280,-6.18682957,-10.1705408,-3.98371124
3.284,-6.19781923,-10.1995354,-4.00171614
3.288,-6.20191097,-10.2230349,-4.02112389
3.292,-6.23230886,-10.2619667,-4.02965784
3.296,-6.24470139,-10.3005486,-4.05584717
3.300,-6.24891043,-10.3115377,-4.06262732
3.304,-6.26516151,-10.3323488,-4.06718731
3.308,-6.27451468,-10.3485994,-4.07408476
3.312,-6.28480291,-10.3593559,-4.07455301
3.316,-6.29076529,-10.3736191,-4.08285379
3.320,-6.2998848,-10.3875322,-4.08764744
3.324,-6.30187225,-10.3966513,-4.09477901
3.328,-6.30643177,-10.3985214,-4.09208965
3.332,-6.3065486,-10.4010935,-4.09454489
3.336,-6.31040668,-10.414773,-4.1043663
3.340,-6.31262827,-10.4138374,-4.10120916
3.344,-6.30970526,-10.398756,-4.08905077
3.348,-6.30374289,-10.3925591,-4.08881617
3.352,-6.3133297,-10.3988724,-4.08554268
3.356,-6.32478714,-10.4165268,-4.09173965
3.360,-6.33343887,-10.4137201,-4.08028126
3.364,-6.31087446,-10.3993397,-4.08846521
3.368,-6.32081223,-10.405303,-4.08449078
3.372,-6.32946396,-10.4125509,-4.08308697
3.376,-6.32373524,-10.4113827,-4.08764744
3.380,-6.32151365,-10.4112654,-4.08975172
3.384,-6.31239462,-10.4090443,-4.09664965
3.388,-6.3144989,-10.4021463,-4.08764744
3.392,-6.31543398,-10.4079914,-4.09255743
3.396,-6.31192684,-10.4084597,-4.09653282
3.400,-6.31917524,-10.4165268,-4.09735155
3.404,-6.31812334,-10.4034319,-4.08530855
3.408,-6.30853653,-10.4022627,-4.09372616
3.412,-6.31286192,-10.4129019,-4.10003996
3.416,-6.32057858,-10.4162922,-4.09571362
3.420,-6.32198143,-10.4178123,-4.09583092
3.424,-6.31017303,-10.4055367,-4.09536362
3.428,-6.31894159,-10.4062376,-4.08729601
3.432,-6.31216049,-10.4008598,-4.08869934
3.436,-6.32642412,-10.4141884,-4.08776426
3.440,-6.31484985,-10.4013281,-4.08647823
3.444,-6.31286192,-10.396534,-4.08367205
3.448,-6.30385971,-10.3878822,-4.08402252
3.452,-6.3083024,-10.4014444,-4.09314203
3.456,-6.3066659,-10.4024963,-4.09583044
3.460,-6.31274509,-10.4124346,-4.09968948
3.464,-6.31204367,-10.4106808,-4.0986371
3.468,-6.3009367,-10.4017954,-4.10085869
3.472,-6.3083024,-10.4141884,-4.10588598
3.476,-6.30432749,-10.4103298,-4.10600233
3.480,-6.31227732,-10.4214373,-4.10915995
3.484,-6.31859064,-10.4258795,-4.10728884
3.488,-6.30736732,-10.4202681,-4.11290073
3.492,-6.30818558,-10.4334793,-4.12529373
3.496,-6.19209051,-10.4325438,-4.24045324
3.500,-6.3218646,-10.4444685,-4.12260389
3.504,-6.3150835,-10.4325438,-4.11746025
3.508,-6.30491209,-10.4299717,-4.1250596
3.512,-6.32057858,-10.4414291,-4.12085056
3.516,-6.32326746,-10.4525356,-4.12926817
3.520,-6.33110046,-10.4468069,-4.11570644
3.524,-6.32654095,-10.4520683,-4.12552738
3.528,-6.31321287,-10.4418964,-4.12868357
3.532,-6.30537987,-10.4374542,-4.13207436
3.536,-6.31800652,-10.4527693,-4.13476276
3.540,-6.3060813,-10.4476252,-4.14154387
3.544,-6.2936883,-10.4283342,-4.13464594
3.548,-6.27544975,-10.3905716,-4.11512184
3.552,-6.28106165,-10.3699951,-4.08893347
3.556,-6.2812953,-10.3412342,-4.05993891
3.560,-6.29555893,-10.355731,-4.06017208
3.564,-6.28433514,-10.3517561,-4.06742096
3.568,-6.25919867,-10.3302441,-4.0710454
3.572,-6.25089788,-10.342988,-4.09209013
3.576,-6.22447538,-10.3176174,-4.09314203
3.580,-6.23792076,-10.3196049,-4.08168411
3.584,-6.22576141,-10.3421698,-4.11640835
3.588,-6.24271393,-10.3452091,-4.10249519
3.592,-6.25721121,-10.361577,-4.10436583
3.596,-6.25043011,-10.3669548,-4.1165247
3.600,-6.24552011,-10.3800497,-4.13452959
3.604,-6.24318171,-10.405654,-4.16247225
3.608,-6.24435091,-10.4086933,-4.1643424
3.612,-6.25802946,-10.4214373,-4.1634078
3.616,-6.26831818,-10.436986,-4.16866779
3.620,-6.29123306,-10.4452868,-4.15405369
3.624,-6.3015213,-10.4525356,-4.15101433
3.628,-6.32583952,-10.4724112,-4.14657164
3.632,-6.3475852,-10.5009384,-4.15335321
3.636,-6.34232426,-10.5093555,-4.16703129
3.640,-6.34314251,-10.520112,-4.17696953
3.644,-6.32502127,-10.5071344,-4.18211317
3.648,-6.34781933,-10.5191765,-4.17135715
3.652,-6.33682919,-10.520463,-4.1836338
3.656,-6.35156059,-10.5311012,-4.17954063
3.660,-6.35775709,-10.5315695,-4.17381239
3.664,-6.35530186,-10.5220995,-4.16679764
3.668,-6.34477949,-10.5087709,-4.16399145
3.672,-6.35424948,-10.5125122,-4.15826273
3.676,-6.35471725,-10.5189428,-4.16422558
3.680,-6.35647106,-10.514266,-4.15779495
3.684,-6.35693836,-10.5225668,-4.16562843
3.688,-6.35670471,-10.524087,-4.16738224
3.692,-6.36360264,-10.5548353,-4.19123268
3.696,-6.37716436,-10.5734243,-4.19625998
3.700,-6.38207483,-10.5814915,-4.19941664
3.704,-6.35693836,-10.5699167,-4.21297836
3.708,-6.30175543,-10.4409609,-4.13920546
3.712,-6.18039894,-10.2604465,-4.08004761
3.716,-6.02911282,-10.1450529,-4.11594009
3.720,-5.67276049,-9.89906693,-4.22630644
3.724,-5.51329041,-9.57486629,-4.06157589
3.728,-5.38947916,-9.02069569,-3.63121653
3.732,-5.36796713,-8.33382893,-2.9658618
3.736,-5.45448303,-8.35674381,-2.90226078
3.740,-5.87420273,-9.05156136,-3.17735863
3.744,-6.10873127,-9.51360321,-3.40487194
3.748,-6.40124893,-10.0263863,-3.62513733
3.752,-6.53008747,-10.2344923,-3.70440483
3.756,-6.63203621,-10.5140324,-3.88199615
3.760,-6.65740633,-10.6149282,-3.95752192
3.764,-6.61157608,-10.6376095,-4.0260334
3.768,-6.53125668,-10.6205406,-4.08928394
3.772,-6.47583961,-10.60429,-4.12845039
3.776,-6.41095257,-10.5111094,-4.10015678
3.780,-6.38511467,-10.4835176,-4.09840298
3.784,-6.37202024,-10.4693718,-4.09735155
3.788,-6.37202024,-10.4624739,-4.09045362
3.792,-6.36477184,-10.467267,-4.10249519
3.796,-6.33893394,-10.4545231,-4.11558914
3.800,-6.34173965,-10.4747496,-4.13300991
3.804,-6.33554316,-10.4562769,-4.12073374
3.808,-6.34407806,-10.4501972,-4.10611916
3.812,-6.33542633,-10.442481,-4.10705471
3.816,-6.34010315,-10.4501972,-4.11009407
3.820,-6.34021997,-10.4521847,-4.1119647
3.824,-6.33028221,-10.4320755,-4.10179329
3.828,-6.31379747,-10.4197998,-4.10600233
3.832,-6.308887,-10.4109144,-4.10202742
3.836,-6.29637718,-10.4152403,-4.11886311
3.840,-6.33390665,-10.4360514,-4.10214472
3.844,-6.32619047,-10.4031982,-4.07700777
3.848,-6.30865335,-10.3675394,-4.05888605
3.852,-6.30993938,-10.3890514,-4.07911205
3.856,-6.30783463,-10.4092779,-4.10144329
3.860,-6.31379747,-10.4452868,-4.13148928
3.864,-6.30350924,-10.4334793,-4.12997007
3.868,-6.2959094,-10.414422,-4.11851263
3.872,-6.28456926,-10.3888178,-4.10424852
3.876,-6.27311134,-10.3627462,-4.0896349
3.880,-6.27661896,-10.3654356,-4.08881664
3.884,-6.2818799,-10.3846092,-4.10272932
3.888,-6.29064846,-10.3733854,-4.08273697
3.892,-6.28000927,-10.3620443,-4.08203506
3.896,-6.25323629,-10.3260355,-4.07279921
3.900,-6.2548728,-10.2989111,-4.0440383
3.904,-6.25136566,-10.3038216,-4.0524559
3.908,-6.23605013,-10.2907276,-4.05467749
3.912,-6.2296195,-10.2964563,-4.06683683
3.916,-6.21535635,-10.2846479,-4.06929159
3.920,-6.21652555,-10.2819586,-4.06543303
3.924,-6.19384432,-10.2509766,-4.05713224
3.928,-6.19723463,-10.2416239,-4.04438925
3.932,-6.20343113,-10.2417412,-4.03831005
3.936,-6.20682144,-10.2530813,-4.04625988
3.940,-6.17887926,-10.224905,-4.04602575
3.944,-6.19700098,-10.2370644,-4.04006338
3.948,-6.18589401,-10.2198782,-4.03398418
3.952,-6.19548082,-10.2396364,-4.0441556
3.956,-6.21407032,-10.2609148,-4.04684448
3.960,-6.2021451,-10.2474699,-4.0453248
3.964,-6.21512222,-10.271203,-4.05608082
3.968,-6.22482634,-10.2687473,-4.04392099
3.972,-6.23558235,-10.2499247,-4.01434231
3.976,-6.27767134,-10.2847652,-4.00709391
3.980,-6.2544055,-10.337142,-4.08273649
3.984,-6.27030563,-10.4002752,-4.1299696
3.988,-6.27018881,-10.3750219,-4.10483313
3.992,-6.30234003,-10.3716316,-4.06929159
3.996,-6.31181002,-10.4031982,-4.09138823
4.000,-6.33682919,-10.417696,-4.08086681
4.004,-6.36839581,-10.4900646,-4.12166882
4.008,-6.35460043,-10.4669161,-4.11231565
4.012,-6.3679285,-10.5098238,-4.14189529
4.016,-6.36781168,-10.5095892,-4.14177752
4.020,-6.36407042,-10.5163708,-4.15230036
4.024,-6.3471179,-10.4934559,-4.14633799
4.028,-6.41048479,-10.6031208,-4.19263601
4.032,-6.37845039,-10.5880384,-4.20958805
4.036,-6.41177082,-10.6274385,-4.21566772
4.040,-6.39306498,-10.6164484,-4.22338343
4.044,-6.36243343,-10.5127459,-4.15031242
4.048,-6.39049244,-10.5454817,-4.15498924
4.052,-6.41644764,-10.5927153,-4.17626762
4.056,-6.42580032,-10.6146946,-4.18889427
4.060,-6.43293238,-10.6008987,-4.16796637
4.064,-6.43269825,-10.6116552,-4.17895699
4.068,-6.43842745,-10.6369085,-4.19848108
4.072,-6.44368839,-10.6113043,-4.16761589
4.076,-6.44871569,-10.6175003,-4.16878462
4.080,-6.4532752,-10.6434555,-4.1901803
4.084,-6.44474077,-10.6497688,-4.20502806
4.088,-6.45292425,-10.6384287,-4.18550444
4.092,-6.45467806,-10.6410007,-4.18632269
4.096,-6.45760107,-10.6303616,-4.17276049
4.100,-6.45456123,-10.6493015,-4.1947403
4.104,-6.44287014,-10.6287241,-4.18585396
4.108,-6.43959618,-10.6334009,-4.19380474
4.112,-6.45877028,-10.6363239,-4.17755365
4.116,-6.45596409,-10.6193714,-4.16340733
4.120,-6.4594717,-10.6082649,-4.14879322
4.124,-6.47735929,-10.6296597,-4.15230036
4.128,-6.46461582,-10.6355057,-4.17088985
4.132,-6.48028231,-10.62358,-4.14329767
4.136,-6.46940947,-10.6208916,-4.15148211
4.140,-6.4718647,-10.6295433,-4.1576786
4.144,-6.47689199,-10.6370249,-4.16013288
4.148,-6.47350121,-10.6601744,-4.18667316
4.152,-6.4718647,-10.6557312,-4.1838665
4.156,-6.47303343,-10.629426,-4.15639257
4.160,-6.46894169,-10.625802,-4.15686035
4.164,-6.47361803,-10.6249828,-4.1513648
4.168,-6.46332979,-10.6308289,-4.16749907
4.172,-6.45935488,-10.6248665,-4.16551161
4.176,-6.46192694,-10.6289587,-4.16703176
4.180,-6.45467806,-10.6355057,-4.18082762
4.184,-6.45397663,-10.6248665,-4.17088985
4.188,-6.45736742,-10.6316471,-4.17427969
4.192,-6.46344662,-10.6448584,-4.18141174
4.196,-6.44965076,-10.6390133,-4.18936253
4.200,-6.44310379,-10.6471968,-4.20409298
4.204,-6.44251919,-10.6524582,-4.209939
4.208,-6.45362616,-10.651289,-4.19766283
4.212,-6.45783472,-10.6733856,-4.2155509
4.216,-6.45397663,-10.6799326,-4.22595596
4.220,-6.44170094,-10.650938,-4.2092371
4.224,-6.44181776,-10.6470795,-4.20526171
4.228,-6.43468618,-10.6348038,-4.20011759
4.232,-6.42077351,-10.6419353,-4.22116184
4.236,-6.41212177,-10.6399479,-4.22782612
4.240,-6.41481066,-10.6282568,-4.21344614
4.244,-6.40522385,-10.5969238,-4.19169998
4.248,-6.40405464,-10.5848818,-4.18082714
4.252,-6.41562891,-10.5651236,-4.14949465
4.256,-6.43655682,-10.5626688,-4.12611198
4.260,-6.3998456,-10.5627851,-4.16293955
4.264,-6.37774897,-10.5416241,-4.1638751
4.268,-6.37225437,-10.5213976,-4.14914322
4.272,-6.37050056,-10.5488729,-4.17837238
4.276,-6.37178659,-10.5597458,-4.18795919
4.280,-6.38944054,-10.5440788,-4.15463829
4.284,-6.40919876,-10.5564718,-4.14727306
4.288,-6.39481831,-10.5688648,-4.17404652
4.292,-6.37938595,-10.5810242,-4.20163822
4.296,-6.39750767,-10.6238136,-4.22630596
4.300,-6.40849733,-10.6329336,-4.22443628
4.304,-6.38733578,-10.6135254,-4.22618961
4.308,-6.40218401,-10.6384287,-4.23624468
4.312,-6.42299461,-10.6712809,-4.24828625
4.316,-6.45023537,-10.6847258,-4.23449039
4.320,-6.46578503,-10.7021465,-4.2363615
4.324,-6.4796977,-10.7269316,-4.24723387
4.328,-6.47747612,-10.7401428,-4.2626667
4.332,-6.48332214,-10.7447023,-4.2613802
4.336,-6.48355579,-10.7389736,-4.25541782
4.340,-6.497118,-10.7378044,-4.24068642
4.344,-6.48612785,-10.7271652,-4.24103737
4.348,-6.49828672,-10.7584982,-4.26021147
4.352,-6.50074196,-10.7528868,-4.25214481
4.356,-6.49431181,-10.7485609,-4.2542491
4.360,-6.4931426,-10.7659807,-4.27283812
4.364,-6.48460817,-10.7592001,-4.27459192
4.368,-6.49618244,-10.7466898,-4.25050735
4.372,-6.48706341,-10.7382727,-4.25120926
4.376,-6.48624468,-10.7492619,-4.26301718
4.380,-6.49325943,-10.759551,-4.26629162
4.384,-6.47934675,-10.7763863,-4.29703951
4.388,-6.47712564,-10.7734632,-4.2963376
4.392,-6.4919734,-10.8064327,-4.31445932
4.396,-6.47221518,-10.7810631,-4.3088479
4.400,-6.42241001,-10.6357393,-4.21332932
4.404,-6.29333735,-10.4380388,-4.14470148
4.408,-6.12544966,-10.3076801,-4.18223047
4.412,-5.79236317,-10.0148115,-4.22244835
4.416,-5.68784237,-9.71036911,-4.02252674
4.420,-5.57712555,-9.13936329,-3.56223774
4.424,-5.57279968,-8.4714365,-2.89863682
4.428,-5.71765518,-8.5753727,-2.85771751
4.432,-6.09271383,-9.32993221,-3.23721838
4.436,-6.3021059,-9.77338505,-3.47127914
4.440,-6.56258917,-10.2969236,-3.73433447
4.444,-6.68429613,-10.4895973,-3.80530119
4.448,-6.74719572,-10.7316084,-3.98441267
4.452,-6.77712584,-10.8125124,-4.03538656
4.456,-6.72872353,-10.8706188,-4.14189529
4.460,-6.65834141,-10.8796206,-4.22127914
4.464,-6.59310389,-10.8321543,-4.23905039
4.468,-6.52704763,-10.7312574,-4.2042098
4.472,-6.50869226,-10.7009773,-4.19228506
4.476,-6.48893404,-10.7071733,-4.21823931
4.480,-6.48788166,-10.7034321,-4.21555042
4.484,-6.48250341,-10.7000418,-4.21753836
4.488,-6.47104597,-10.698288,-4.22724199
4.492,-6.47361803,-10.7125511,-4.23893309
4.496,-6.47431946,-10.7262306,-4.25191116
4.500,-6.45128775,-10.7061214,-4.2548337
4.504,-6.46122551,-10.6988726,-4.23764706
4.508,-6.43702412,-10.6773605,-4.24033642
4.512,-6.45081997,-10.6876488,-4.2368288
4.516,-6.44392204,-10.6861286,-4.24220657
4.520,-6.44345427,-10.6896362,-4.24618196
4.524,-6.43000937,-10.6781788,-4.24816942
4.528,-6.42884016,-10.6674232,-4.23858309
4.532,-6.44345427,-10.6796989,-4.23624468
4.536,-6.42357922,-10.6616945,-4.23811531
4.540,-6.42965889,-10.6701117,-4.24045277
4.544,-6.42194223,-10.6549129,-4.23297071
4.548,-6.40943289,-10.6453266,-4.23589373
4.552,-6.41083574,-10.6521072,-4.2412715
4.556,-6.3998456,-10.6449757,-4.24513006
4.560,-6.38125658,-10.6408834,-4.25962687
4.564,-6.39832592,-10.6307116,-4.23238564
4.568,-6.37576151,-10.5902596,-4.21449804
4.572,-6.3931818,-10.6172667,-4.22408485
4.576,-6.37482643,-10.5900259,-4.21519947
4.580,-6.35401583,-10.5556536,-4.20163774
4.584,-6.35460043,-10.5528479,-4.19824743
4.588,-6.34396124,-10.5492229,-4.20526171
4.592,-6.34080458,-10.5351934,-4.19438887
4.596,-6.32817793,-10.5212812,-4.19310331
4.600,-6.31578493,-10.5168381,-4.20105314
4.604,-6.3065486,-10.4732294,-4.16668081
4.608,-6.28854418,-10.4582644,-4.16972017
4.612,-6.29205132,-10.4431829,-4.15113163
4.616,-6.28994703,-10.446106,-4.15615892
4.620,-6.28316593,-10.430439,-4.14727306
4.624,-6.26071882,-10.4063549,-4.14563608
4.628,-6.26247215,-10.3828554,-4.12038326
4.632,-6.26130342,-10.3904543,-4.12915087
4.636,-6.2544055,-10.3629799,-4.10857439
4.640,-6.24926138,-10.3607588,-4.1114974
4.644,-6.23979092,-10.3455601,-4.10576916
4.648,-6.25697756,-10.3735027,-4.11652517
4.652,-6.26469374,-10.3705797,-4.10588598
4.656,-6.25300217,-10.3717489,-4.11874676
4.660,-6.26434278,-10.4127855,-4.14844275
4.664,-6.27369595,-10.4338293,-4.16013336
4.668,-6.27813864,-10.4407272,-4.1625886
4.672,-6.29076529,-10.4670334,-4.1762681
4.676,-6.32396889,-10.5257235,-4.20175457
4.680,-6.31917524,-10.5177736,-4.19859838
4.684,-6.33484173,-10.5537825,-4.21894073
4.688,-6.3521452,-10.5742426,-4.2220974
4.692,-6.37657976,-10.6054583,-4.2288785
4.696,-6.38067198,-10.6314135,-4.25074148
4.700,-6.40428829,-10.6491842,-4.24489594
4.704,-6.39587069,-10.663331,-4.26746035
4.708,-6.40218401,-10.6691761,-4.26699209
4.712,-6.40627623,-10.6774778,-4.27120161
4.716,-6.41913652,-10.7016783,-4.28254175
4.720,-6.40113163,-10.6992235,-4.29809189
4.724,-6.41434288,-10.7007427,-4.28639984
4.728,-6.42743731,-10.7258797,-4.29844236
4.732,-6.43901157,-10.7304392,-4.29142761
4.736,-6.44134998,-10.7501974,-4.30884743
4.740,-6.44941711,-10.7404938,-4.29107666
4.744,-6.43842745,-10.7314911,-4.29306364
4.748,-6.43690729,-10.7279844,-4.29107714
4.752,-6.44438982,-10.7353497,-4.29095984
4.756,-6.44427299,-10.7435331,-4.29926014
4.760,-6.44462347,-10.7409611,-4.2963376
4.764,-6.44053173,-10.7390909,-4.29855919
4.768,-6.43702412,-10.7415457,-4.30452156
4.772,-6.44859886,-10.7586155,-4.31001663
4.776,-6.45654869,-10.7593164,-4.30276775
4.780,-6.44918346,-10.7567444,-4.30756092
4.784,-6.45117092,-10.7465734,-4.29540253
4.788,-6.43819332,-10.7311411,-4.29294777
4.792,-6.44170094,-10.7375708,-4.29586983
4.796,-6.46847391,-10.7685528,-4.30007887
4.800,-6.45608139,-10.7594337,-4.30335236
4.804,-6.44263601,-10.7555752,-4.31293917
4.808,-6.43433523,-10.7275162,-4.29318094
4.812,-6.44053173,-10.7352324,-4.29470062
4.816,-6.44497442,-10.7525358,-4.3075614
4.820,-6.4470787,-10.7477427,-4.30066395
4.824,-6.44251919,-10.7417803,-4.29926109
4.828,-6.44614363,-10.7298546,-4.28371096
4.832,-6.45000172,-10.7594337,-4.30943203
4.836,-6.45795155,-10.7623568,-4.30440521
4.840,-6.44848156,-10.7589664,-4.31048489
4.844,-6.44064856,-10.7491455,-4.30849695
4.848,-6.42755413,-10.728919,-4.3013649
4.852,-6.44064856,-10.7428322,-4.30218363
4.856,-6.44778013,-10.7547569,-4.3069768
4.860,-6.44719553,-10.7710085,-4.32381296
4.864,-6.44193459,-10.7393246,-4.29738998
4.868,-6.4268527,-10.7307901,-4.30393744
4.872,-6.43725824,-10.7583818,-4.3211236
4.876,-6.44941711,-10.7701902,-4.32077312
4.880,-6.43316603,-10.7570953,-4.32392931
4.884,-6.43550444,-10.7531204,-4.31761599
4.888,-6.42042255,-10.7324266,-4.31200409
4.892,-6.43714094,-10.7594337,-4.3222928
4.896,-6.4250989,-10.7567444,-4.33164549
4.900,-6.41516161,-10.7512503,-4.33608866
4.904,-6.42802191,-10.7628241,-4.33480215
4.908,-6.43094492,-10.7518349,-4.32088995
4.912,-6.43702412,-10.7597847,-4.32276058
4.916,-6.45467806,-10.7856226,-4.33094454
4.920,-6.44474077,-10.7740479,-4.32930708
4.924,-6.44158411,-10.7713585,-4.32977438
4.928,-6.43515348,-10.7590828,-4.32392931
4.932,-6.44018078,-10.7684364,-4.32825565
4.936,-6.44380522,-10.7740479,-4.33024263
4.940,-6.44953394,-10.7831669,-4.33363295
4.944,-6.4453249,-10.782115,-4.33679008
4.948,-6.44146681,-10.7708912,-4.32942438
4.952,-6.45117092,-10.7712421,-4.32007122
4.956,-6.44778013,-10.7839851,-4.33620501
4.960,-6.4330492,-10.7727623,-4.3397131
4.964,-6.43188,-10.7715931,-4.3397131
4.968,-6.39540291,-10.7372198,-4.3418169
4.972,-6.40475607,-10.7369862,-4.33223009
4.976,-6.3999629,-10.7120838,-4.31212091
4.980,-6.40522385,-10.6747885,-4.26956463
4.984,-6.38137341,-10.6336346,-4.25226116
4.988,-6.36512232,-10.6308289,-4.26570654
4.992,-6.39049244,-10.6380777,-4.2475853
4.996,-6.37798309,-10.6685915,-4.29060841
5.000,-6.36722708,-10.6637983,-4.29657125
5.004,-6.3471179,-10.6158638,-4.2687459
5.008,-6.35448313,-10.629777,-4.27529383
5.012,-6.3745923,-10.6668386,-4.29224634
5.016,-6.36582375,-10.6411171,-4.27529335
5.020,-6.37634611,-10.6754894,-4.29914331
5.024,-6.36336851,-10.6961832,-4.33281469
5.028,-6.35892582,-10.6954823,-4.33655643
5.032,-6.37728167,-10.7193327,-4.34205103
5.036,-6.3735404,-10.7212029,-4.34766245
5.040,-6.38862228,-10.7312574,-4.34263515
5.044,-6.38873911,-10.7323103,-4.34357119
5.048,-6.41796732,-10.7562771,-4.33830976
5.052,-6.42439747,-10.7600183,-4.33562088
5.056,-6.44871569,-10.7822323,-4.3335166
5.060,-6.46520042,-10.8166046,-4.35140419
5.064,-6.4661355,-10.818943,-4.35280752
5.068,-6.47221518,-10.8141489,-4.34193373
5.072,-6.47420263,-10.8333235,-4.35912085
5.076,-6.47092915,-10.8360119,-4.36508274
5.080,-6.47864532,-10.8527308,-4.37408543
5.084,-6.46648645,-10.8219824,-4.35549593
5.088,-6.47151375,-10.8271265,-4.35561275
5.092,-6.48542643,-10.8340244,-4.348598
5.096,-6.47771025,-10.8208132,-4.34310293
5.100,-6.48285437,-10.8282957,-4.34544134
5.104,-6.48203611,-10.828413,-4.3463769
5.108,-6.47747612,-10.8253727,-4.34789658
5.112,-6.48542643,-10.8465347,-4.3611083
5.116,-6.50530195,-10.8841801,-4.37887812
5.120,-6.49922228,-10.8852329,-4.38601065
5.124,-6.50366497,-10.8956385,-4.3919735
5.128,-6.49033689,-10.8709688,-4.38063192
5.132,-6.40592527,-10.6689425,-4.26301718
5.136,-6.31438208,-10.5792704,-4.26488829
5.140,-6.04244137,-10.4148893,-4.37244797
5.144,-5.80323601,-10.2413902,-4.43815422
5.148,-5.56870747,-9.78799915,-4.21929169
5.152,-5.48254251,-9.41714954,-3.93460703
5.156,-5.44489622,-8.67743778,-3.23254156
5.160,-5.60062504,-8.85596466,-3.25533962
5.164,-5.9273982,-9.40043068,-3.47303247
5.168,-6.27755404,-10.0034714,-3.72591734
5.172,-6.48460817,-10.3199558,-3.83534765
5.176,-6.66605759,-10.6319981,-3.96594048
5.180,-6.71866894,-10.7953262,-4.0766573
5.184,-6.71410942,-10.9056931,-4.19158363
5.188,-6.66874695,-10.9565496,-4.2878027
5.192,-6.62724257,-10.946846,-4.31960344
5.196,-6.55732822,-10.8864021,-4.32907391
5.200,-6.50050831,-10.8057318,-4.30522346
5.204,-6.46555138,-10.7512503,-4.28569889
5.208,-6.46426487,-10.7470407,-4.28277588
5.212,-6.45128775,-10.7451706,-4.29388285
5.216,-6.43491983,-10.7266979,-4.29177809
5.220,-6.46028996,-10.7610703,-4.3007803
5.224,-6.44205141,-10.7418966,-4.29984522
5.228,-6.43117857,-10.7262306,-4.29505205
5.232,-6.42720366,-10.7327776,-4.30557394
5.236,-6.42135763,-10.7248278,-4.30347013
5.240,-6.41048479,-10.7099791,-4.29949427
5.244,-6.40627623,-10.7010937,-4.29481745
5.248,-6.39949512,-10.6820374,-4.28254223
5.252,-6.40183306,-10.6872978,-4.28546476
5.256,-6.40849733,-10.6924419,-4.28394461
5.260,-6.39435101,-10.6870642,-4.29271317
5.264,-6.37845039,-10.6572514,-4.27880096
5.268,-6.38102245,-10.6590052,-4.27798271
5.272,-6.38219166,-10.6567841,-4.2745924
5.276,-6.3796196,-10.6515226,-4.27190304
5.280,-6.36348581,-10.6343365,-4.27085066
5.284,-6.35226202,-10.6167994,-4.26453733
5.288,-6.34910536,-10.6059265,-4.25682116
5.292,-6.35237885,-10.6034708,-4.25109196
5.296,-6.34080458,-10.5879221,-4.24711752
5.300,-6.33507586,-10.5875711,-4.25249529
5.304,-6.33226967,-10.5694494,-4.23717976
5.308,-6.3267746,-10.5561209,-4.22934628
5.312,-6.31660318,-10.5356617,-4.21905851
5.316,-6.31169319,-10.5292311,-4.21753788
5.320,-6.30526257,-10.5166044,-4.21134186
5.324,-6.288661,-10.4817638,-4.19310284
5.328,-6.27439737,-10.4634085,-4.1890111
5.332,-6.27170849,-10.4516001,-4.17989159
5.336,-6.25779581,-10.4309072,-4.17311144
5.340,-6.23768663,-10.3809843,-4.14329767
5.344,-6.23932362,-10.3815689,-4.14224529
5.348,-6.21255016,-10.3390131,-4.12646294
5.352,-6.21044588,-10.3293085,-4.11886263
5.356,-6.21465492,-10.324048,-4.10939312
5.360,-6.20576954,-10.3070955,-4.10132599
5.364,-6.203197,-10.2955208,-4.09232378
5.368,-6.18846607,-10.268631,-4.08016491
5.372,-6.20085907,-10.2775164,-4.0766573
5.376,-6.19828701,-10.2651234,-4.06683636
5.380,-6.19711781,-10.2597456,-4.06262779
5.384,-6.19898844,-10.2678127,-4.06882429
5.388,-6.19863749,-10.274827,-4.07618952
5.392,-6.19501305,-10.2727232,-4.07771015
5.396,-6.20986128,-10.299613,-4.08975172
5.400,-6.21746063,-10.321476,-4.10401535
5.404,-6.23020411,-10.3386621,-4.10845804
5.408,-6.24622154,-10.3641491,-4.11792755
5.412,-6.25861406,-10.3968849,-4.13827085
5.416,-6.2746315,-10.414773,-4.14014149
5.420,-6.29322052,-10.4545231,-4.16130257
5.424,-6.30374289,-10.4693718,-4.16562891
5.428,-6.3083024,-10.4739313,-4.16562891
5.432,-6.3139143,-10.5021067,-4.18819237
5.436,-6.31999397,-10.5122786,-4.19228458
5.440,-6.33893394,-10.5392857,-4.20035172
5.444,-6.341506,-10.5387011,-4.19719505
5.448,-6.33519268,-10.5314522,-4.1962595
5.452,-6.33121729,-10.5358953,-4.20467806
5.456,-6.36594105,-10.5650063,-4.19906521
5.460,-6.36664248,-10.5616159,-4.19497347
5.464,-6.36547327,-10.5542507,-4.18877745
5.468,-6.3533144,-10.5531979,-4.19988346
5.472,-6.3599782,-10.5537825,-4.19380426
5.476,-6.36979914,-10.5654745,-4.19567537
5.480,-6.37155247,-10.5574074,-4.18585491
5.484,-6.37318945,-10.548522,-4.17533255
5.488,-6.35541868,-10.5236197,-4.16820097
5.492,-6.36699295,-10.5384674,-4.17147446
5.496,-6.36956501,-10.539753,-4.17018795
5.500,-6.37272167,-10.5482883,-4.17556667
5.504,-6.37248802,-10.535778,-4.16329002
5.508,-6.37447548,-10.5450144,-4.1705389
5.512,-6.3679285,-10.529582,-4.16165352
5.516,-6.36816216,-10.5273609,-4.15919876
5.520,-6.36184883,-10.5184746,-4.15662575
5.524,-6.35927677,-10.5173063,-4.15802956
5.528,-6.3526125,-10.4991846,-4.14657211
5.532,-6.36418724,-10.5168381,-4.15265083
5.536,-6.36079645,-10.5211639,-4.16036749
5.540,-6.37693071,-10.5197611,-4.14283037
5.544,-6.36453772,-10.5060825,-4.14154482
5.548,-6.3611474,-10.4940405,-4.13289309
5.552,-6.36313486,-10.4961443,-4.13300943
5.556,-6.35763979,-10.4907665,-4.13312674
5.560,-6.36021185,-10.495326,-4.13511419
5.564,-6.35717249,-10.48913,-4.13195753
5.568,-6.3667593,-10.495326,-4.12856674
5.572,-6.36149836,-10.4939232,-4.13242483
5.576,-6.36103058,-10.4817638,-4.12073326
5.580,-6.36021185,-10.4732294,-4.11301756
5.584,-6.35658789,-10.4704237,-4.11383581
5.588,-6.35284662,-10.4642267,-4.1113801
5.592,-6.35822439,-10.4731121,-4.11488771
5.596,-6.36348581,-10.4871426,-4.12365675
5.600,-6.36091375,-10.4711246,-4.1102109
5.604,-6.35588646,-10.4603691,-4.10448265
5.608,-6.35728931,-10.4650459,-4.10775661
5.612,-6.37143564,-10.4650459,-4.09361029
5.616,-6.37050056,-10.4656305,-4.09512997
5.620,-6.36442089,-10.4615383,-4.09711742
5.624,-6.37330627,-10.4652796,-4.0919733
5.628,-6.36500549,-10.4549913,-4.08998585
5.632,-6.36547327,-10.4650459,-4.09957266
5.636,-6.35237885,-10.4516001,-4.09922123
5.640,-6.34910536,-10.4484434,-4.09933805
5.644,-6.33986902,-10.4344139,-4.09454489
5.648,-6.31578493,-10.386363,-4.0705781
5.652,-6.32619047,-10.3774776,-4.05128717
5.656,-6.33086681,-10.3518734,-4.02100658
5.660,-6.33074999,-10.3255682,-3.99481821
5.664,-6.32887936,-10.3163319,-3.98745251
5.668,-6.31087446,-10.3053417,-3.99446726
5.672,-6.3060813,-10.3218269,-4.01574564
5.676,-6.280828,-10.2924814,-4.01165342
5.680,-6.27311134,-10.2689819,-3.99587059
5.684,-6.28047705,-10.2896757,-4.00919867
5.688,-6.29520798,-10.2828941,-3.98768616
5.692,-6.3004694,-10.2969236,-3.99645424
5.696,-6.30409336,-10.3073292,-4.00323582
5.700,-6.30175543,-10.3256845,-4.02392912
5.704,-6.29766321,-10.3394804,-4.04181719
5.708,-6.30245686,-10.3480148,-4.04555798
5.712,-6.31461573,-10.3588877,-4.04427195
5.716,-6.3071332,-10.3539782,-4.04684496
5.720,-6.33916759,-10.3876486,-4.04848099
5.724,-6.35927677,-10.3980541,-4.03877735
5.728,-6.36816216,-10.4042501,-4.03608799
5.732,-6.39306498,-10.4295034,-4.03643847
5.736,-6.4060421,-10.4531202,-4.04707813
5.740,-6.40978336,-10.451951,-4.04216766
5.744,-6.40347004,-10.4364014,-4.03293133
5.748,-6.40358686,-10.4403772,-4.03679037
5.752,-6.40580845,-10.4414291,-4.03562069
5.756,-6.40686035,-10.4373369,-4.03047657
5.760,-6.41492748,-10.4483271,-4.03339958
5.764,-6.41247225,-10.4353495,-4.02287722
5.768,-6.4010148,-10.4155912,-4.01457644
5.772,-6.41270638,-10.4295034,-4.01679707
5.776,-6.40627623,-10.4195662,-4.01328993
5.780,-6.41434288,-10.4183969,-4.00405407
5.784,-6.39341545,-10.3952484,-4.00183296
5.788,-6.40452242,-10.406004,-4.00148153
5.792,-6.39774132,-10.4210863,-4.02334499
5.796,-6.38324404,-10.430439,-4.04719496
5.800,-6.40148258,-10.445755,-4.04427242
5.804,-6.40767908,-10.4732294,-4.06555033
5.808,-6.39060974,-10.445755,-4.05514526
5.812,-6.30456114,-10.2536659,-3.94910479
5.816,-6.21208286,-10.1019125,-3.88982964
5.820,-5.95802975,-9.98616791,-4.02813816
5.824,-5.60483408,-9.64735222,-4.04251814
5.828,-5.47809982,-9.33016586,-3.85206604
5.832,-5.37802172,-8.71040726,-3.33238554
5.836,-5.3863225,-8.22767162,-2.84134912
5.840,-5.58191872,-8.34984589,-2.76792717
5.844,-5.8543272,-8.8405323,-2.9862051
5.848,-6.22728157,-9.49629974,-3.26901817
5.852,-6.49407816,-9.9440794,-3.45000124
5.856,-6.61403131,-10.1206179,-3.50658655
5.860,-6.65506792,-10.3222942,-3.66722631
5.864,-6.67880154,-10.3913898,-3.71258831
5.868,-6.61520052,-10.4434166,-3.82821608
5.872,-6.58199692,-10.4451704,-3.86317348
5.876,-6.47806072,-10.3939619,-3.91590118
5.880,-6.43340015,-10.3288412,-3.89544106
5.884,-6.36979914,-10.2551861,-3.88538694
5.888,-6.3475852,-10.2289972,-3.88141203
5.892,-6.3471179,-10.2222166,-3.87509871
5.896,-6.34290886,-10.2244377,-3.88152885
5.900,-6.34080458,-10.2195272,-3.87872267
5.904,-6.34010315,-10.2132139,-3.87311077
5.908,-6.32642412,-10.2005873,-3.87416315
5.912,-6.31578493,-10.1978979,-3.88211298
5.916,-6.30853653,-10.1928711,-3.88433456
5.920,-6.29789734,-10.1819983,-3.88410091
5.924,-6.29731274,-10.1703062,-3.87299347
5.928,-6.29298687,-10.1553421,-3.86235523
5.932,-6.29064846,-10.1542892,-3.86364079
5.936,-6.29181767,-10.1518345,-3.86001682
5.940,-6.29170084,-10.1507816,-3.85908079
5.944,-6.26656437,-10.1257629,-3.85919857
5.948,-6.26960421,-10.1061211,-3.83651686
5.952,-6.2690196,-10.1047182,-3.8356986
5.956,-6.26446009,-10.0984049,-3.8339448
5.960,-6.25919867,-10.0855446,-3.82634592
5.964,-6.2548728,-10.0737362,-3.81886339
5.968,-6.25721121,-10.068943,-3.81173182
5.972,-6.24481821,-10.063097,-3.81827879
5.976,-6.23651743,-10.044858,-3.80834055
5.980,-6.2341795,-10.0253334,-3.79115391
5.984,-6.21933126,-10.0028868,-3.78355551
5.988,-6.21173191,-9.99388409,-3.78215218
5.992,-6.21138096,-9.98757076,-3.7761898
5.996,-6.20308018,-9.96617603,-3.76309586
6.000,-6.20202827,-9.95986271,-3.75783443
6.004,-6.17794371,-9.91835785,-3.74041414
6.008,-6.16344643,-9.90421104,-3.74076462
6.012,-6.15701628,-9.87311268,-3.7160964
6.016,-6.14789724,-9.84540367,-3.69750643
6.020,-6.14357138,-9.8410778,-3.69750643
6.024,-6.13223076,-9.81734467,-3.68511391
6.028,-6.11329079,-9.77560616,-3.66231537
6.032,-6.11212158,-9.77700996,-3.66488838
6.036,-6.11200476,-9.76695538,-3.65495062
6.040,-6.11270618,-9.75654984,-3.64384365
6.044,-6.09727335,-9.74029827,-3.64302492
6.048,-6.07026672,-9.70522499,-3.63495827
6.052,-6.09563684,-9.71142101,-3.61578417
6.056,-6.10358667,-9.70545864,-3.60187197
6.060,-6.10674334,-9.72241116,-3.61566782
6.064,-6.10475588,-9.71200562,-3.60724974
6.068,-6.11445999,-9.73351765,-3.61905766
6.072,-6.1111865,-9.74228573,-3.63109922
6.076,-6.12813854,-9.77221584,-3.6440773
6.080,-6.13667345,-9.79244232,-3.65576887
6.084,-6.14333773,-9.80729008,-3.66395235
6.088,-6.16192675,-9.8383894,-3.67646265
6.092,-6.16192675,-9.8540554,-3.69212866
6.096,-6.18332195,-9.87182617,-3.68850422
6.100,-6.2027297,-9.90117168,-3.69844198
6.104,-6.22505999,-9.93180275,-3.70674276
6.108,-6.23265934,-9.94068813,-3.70802879
6.112,-6.2408433,-9.95121098,-3.71036768
6.116,-6.2548728,-9.96699429,-3.71212149
6.120,-6.26013422,-9.98827267,-3.72813845
6.124,-6.25650978,-9.97283936,-3.71632957
6.128,-6.2616539,-9.96711063,-3.70545673
6.132,-6.26352453,-9.97950363,-3.7159791
6.136,-6.26095247,-10.0041723,-3.74321985
6.140,-6.26995468,-10.0068617,-3.73690701
6.144,-6.25791264,-9.99201393,-3.7341013
6.148,-6.2622385,-9.99283218,-3.73059368
6.152,-6.26200485,-9.98838902,-3.72638416
6.156,-6.26446009,-9.98079014,-3.71633005
6.160,-6.26691532,-9.98967552,-3.7227602
6.164,-6.27907419,-10.0018339,-3.72275972
6.168,-6.25405455,-9.97377491,-3.71972036
6.172,-6.27299452,-9.98955822,-3.7165637
6.176,-6.27720356,-9.99598885,-3.71878529
6.180,-6.26586294,-9.97763348,-3.71177053
6.184,-6.25861406,-9.97272301,-3.71410894
6.188,-6.25650978,-9.9579916,-3.70148182
6.192,-6.26060152,-9.96068096,-3.70007944
6.196,-6.26983786,-9.98125744,-3.71141958
6.200,-6.27486515,-9.98137474,-3.70650959
6.204,-6.26679802,-9.9721384,-3.70534039
6.208,-6.26375866,-9.95378304,-3.69002438
6.212,-6.25417137,-9.94735241,-3.69318104
6.216,-6.25288534,-9.93589497,-3.68300962
6.220,-6.25674343,-9.94232559,-3.68558216
6.224,-6.25744486,-9.94022083,-3.68277597
6.228,-6.25195026,-9.9327383,-3.68078804
6.232,-6.26293993,-9.93998718,-3.67704725
6.236,-6.26352453,-9.94068813,-3.6771636
6.240,-6.24692297,-9.93858433,-3.69166136
6.244,-6.23558235,-9.92303467,-3.68745232
6.248,-6.24528599,-9.93753147,-3.69224548
6.252,-6.23488092,-9.92373562,-3.68885469
6.256,-6.24423409,-9.91987801,-3.67564392
6.260,-6.2290349,-9.9063158,-3.6772809
6.264,-6.21746063,-9.90339279,-3.68593216
6.268,-6.2099781,-9.89380646,-3.68382835
6.272,-6.22365713,-9.90561485,-3.68195772
6.276,-6.19524717,-9.8911171,-3.69586992
6.280,-6.20705557,-9.90140533,-3.69434977
6.284,-6.20343113,-9.90117168,-3.69774055
6.288,-6.19466257,-9.88807774,-3.69341516
6.292,-6.2083416,-9.90245819,-3.69411659
6.296,-6.21535635,-9.90736771,-3.69201136
6.300,-6.20915985,-9.88831139,-3.67915154
6.304,-6.21009493,-9.89029884,-3.68020391
6.308,-6.19255829,-9.88281631,-3.69025803
6.312,-6.19173956,-9.88679123,-3.69505167
6.316,-6.21091366,-9.90444565,-3.69353199
6.320,-6.21535635,-9.91648769,-3.70113134
6.324,-6.20050812,-9.88936329,-3.68885517
6.328,-6.20857525,-9.88644028,-3.67786503
6.332,-6.19980669,-9.8927536,-3.69294691
6.336,-6.21371937,-9.91181087,-3.69809151
6.340,-6.19688368,-9.89345551,-3.69657183
6.344,-6.1830883,-9.87065697,-3.68756866
6.348,-6.18273735,-9.85943317,-3.67669582
6.352,-6.15631485,-9.82155323,-3.66523838
6.356,-6.15432739,-9.8131361,-3.65880871
6.360,-6.17081213,-9.79220867,-3.62139654
6.364,-6.1706953,-9.78273869,-3.61204338
6.368,-6.15362597,-9.74883366,-3.59520769
6.372,-6.16180992,-9.74485874,-3.58304882
6.376,-6.14509106,-9.75806999,-3.61297894
6.380,-6.11831808,-9.69411755,-3.57579947
6.384,-6.09072638,-9.6820755,-3.59134912
6.388,-6.10370398,-9.7220602,-3.61835623
6.392,-6.10908175,-9.72474957,-3.61566782
6.396,-6.12170839,-9.73188114,-3.61017275
6.400,-6.11223841,-9.73281574,-3.62057734
6.404,-6.10931587,-9.74439049,-3.63507462
6.408,-6.09750748,-9.73796082,-3.64045334
6.412,-6.10545731,-9.76765633,-3.66219902
6.416,-6.12276077,-9.77782822,-3.65506744
6.420,-6.1290741,-9.78975296,-3.66067886
6.424,-6.13351679,-9.78133488,-3.64781809
6.428,-6.15117073,-9.79209137,-3.64092064
6.432,-6.16683722,-9.82178783,-3.65495062
6.436,-6.18881702,-9.8528862,-3.66406918
6.440,-6.19746828,-9.85124969,-3.65378141
6.444,-6.18986893,-9.8528862,-3.66301727
6.448,-6.19489622,-9.84669018,-3.65179396
6.452,-6.20576954,-9.8658638,-3.66009426
6.456,-6.18519258,-9.84236431,-3.65717173
6.460,-6.20015764,-9.84552097,-3.64536333
6.464,-6.20366478,-9.85580921,-3.65214443
6.468,-6.20132637,-9.85253525,-3.65120888
6.472,-6.20226192,-9.84633923,-3.6440773
6.476,-6.20495081,-9.84552097,-3.64057016
6.480,-6.1891675,-9.82085228,-3.63168478
6.484,-6.20343113,-9.84213066,-3.63869953
6.488,-6.19454575,-9.83441448,-3.63986874
6.492,-6.1891675,-9.82470989,-3.63554239
6.496,-6.17958069,-9.85078239,-3.67120171
6.500,-6.17654085,-9.87919235,-3.7026515
6.504,-6.16601849,-9.88655758,-3.72053909
6.508,-6.16414833,-9.91368103,-3.7495327
6.512,-6.12743711,-9.83651829,-3.70908117
6.516,-6.04162264,-9.62490463,-3.58328199
6.520,-5.92529392,-9.50436687,-3.57907295
6.524,-5.65358686,-9.30409431,-3.65050745
6.528,-5.45717192,-9.01777363,-3.56060171
6.532,-5.32482576,-8.510602,-3.18577623
6.536,-5.3155899,-8.09064865,-2.77505875
6.540,-5.42396879,-7.56009531,-2.13612652
6.544,-5.55923748,-7.89809227,-2.33885479
6.548,-5.8863616,-8.68760967,-2.80124807
6.552,-6.17537165,-9.15175629,-2.97638464
6.556,-6.30806875,-9.38125706,-3.0731883
6.560,-6.40615892,-9.60152245,-3.19536352
6.564,-6.43491983,-9.74637794,-3.31145811
6.568,-6.44859886,-9.85791397,-3.40931511
6.572,-6.40697765,-9.9067831,-3.49980545
6.576,-6.33191919,-9.89450741,-3.56258821
6.580,-6.2548728,-9.84680653,-3.59193373
6.584,-6.21453762,-9.78963661,-3.57509899
6.588,-6.17946386,-9.73176384,-3.55229998
6.592,-6.16321278,-9.72381401,-3.56060123
6.596,-6.15678263,-9.72767162,-3.570889
6.600,-6.15000153,-9.72533417,-3.57533264
6.604,-6.14637709,-9.72743797,-3.58106089
6.608,-6.14941692,-9.73398495,-3.58456802
6.612,-6.13258123,-9.71785164,-3.5852704
6.616,-6.13456917,-9.72229385,-3.58772469
6.620,-6.13351679,-9.71399307,-3.58047628
6.624,-6.11925316,-9.69727421,-3.57802105
6.628,-6.10838032,-9.68616772,-3.5777874
6.632,-6.11329079,-9.69856071,-3.58526993
6.636,-6.11948729,-9.69645596,-3.57696867
6.640,-6.10802984,-9.68920708,-3.58117723
6.644,-6.11352444,-9.68078995,-3.56726551
6.648,-6.11282301,-9.67915249,-3.56632948
6.652,-6.1032362,-9.65845966,-3.55522346
6.656,-6.09902716,-9.66407108,-3.56504393
6.660,-6.08616686,-9.65132713,-3.56516027
6.664,-6.10627604,-9.63823318,-3.53195715
6.668,-6.09540319,-9.63180256,-3.53639936
6.672,-6.08336067,-9.62081337,-3.5374527
6.676,-6.07868433,-9.61847496,-3.53979063
6.680,-6.07354021,-9.61064148,-3.53710127
6.684,-6.06184864,-9.59731388,-3.53546524
6.688,-6.06056261,-9.57206059,-3.51149797
6.692,-6.06640863,-9.56855297,-3.50214434
6.696,-6.05915976,-9.56270695,-3.50354719
6.700,-6.04723454,-9.54318237,-3.49594784
6.704,-6.03285408,-9.51348686,-3.48063278
6.708,-6.02244902,-9.50004101,-3.47759199
6.712,-6.01859093,-9.50296402,-3.48437309
6.716,-6.00841951,-9.48823357,-3.47981405
6.720,-5.99509096,-9.4709301,-3.47583914
6.724,-5.99018097,-9.45117188,-3.46099091
6.728,-5.97451448,-9.42767239,-3.4531579
6.732,-5.97451448,-9.40884876,-3.43433428
6.736,-5.96492767,-9.39879417,-3.4338665
6.740,-5.96130323,-9.39388371,-3.43258047
6.744,-5.93628359,-9.37073517,-3.43445158
6.748,-5.9459877,-9.37435913,-3.42837143
6.752,-5.95931578,-9.37471008,-3.41539431
6.756,-5.95791245,-9.38055611,-3.42264366
6.760,-5.96095228,-9.37564564,-3.41469336
6.764,-5.95276833,-9.37237167,-3.41960335
6.768,-5.96282291,-9.37763309,-3.41481018
6.772,-5.96773338,-9.38277721,-3.41504383
6.776,-5.98620558,-9.40884876,-3.42264318
6.780,-5.99099922,-9.43036079,-3.43936157
6.784,-5.99626017,-9.43912983,-3.44286966
6.788,-6.00233984,-9.44836521,-3.44602537
6.792,-6.03297138,-9.47735977,-3.44438839
6.796,-6.04968977,-9.50834179,-3.45865202
6.800,-6.05518484,-9.52950382,-3.47431898
6.804,-6.06348562,-9.54832649,-3.48484087
6.808,-6.07283878,-9.56375885,-3.49092007
6.812,-6.09458447,-9.58644009,-3.49185562
6.816,-6.10136557,-9.59123421,-3.48986864
6.820,-6.10499001,-9.61157703,-3.50658703
6.824,-6.12170839,-9.63601208,-3.51430368
6.828,-6.11527824,-9.63881779,-3.52353954
6.832,-6.11258936,-9.63951969,-3.52693033
6.836,-6.12521601,-9.66243458,-3.53721857
6.840,-6.12650204,-9.6557703,-3.52926826
6.844,-6.12813854,-9.64711857,-3.51898003
6.848,-6.12439728,-9.6541338,-3.52973652
6.852,-6.14754629,-9.66418839,-3.51664209
6.856,-6.15514565,-9.6681633,-3.51301765
6.860,-6.13819313,-9.66465569,-3.52646255
6.864,-6.16356373,-9.67810059,-3.51453686
6.868,-6.15105391,-9.66255093,-3.51149702
6.872,-6.13608885,-9.6685133,-3.53242445
6.876,-6.15093708,-9.69727421,-3.54633713
6.880,-6.15935469,-9.69294834,-3.53359365
6.884,-6.16075754,-9.6956377,-3.53488016
6.888,-6.16672039,-9.69598866,-3.52926826
6.892,-6.1706953,-9.69704056,-3.52634525
6.896,-6.16788912,-9.67693138,-3.50904226
6.900,-6.16321278,-9.66734505,-3.50413227
6.904,-6.16134214,-9.68464756,-3.52330542
6.908,-6.1504693,-9.67599583,-3.52552652
6.912,-6.16742182,-9.68441391,-3.51699209
6.916,-6.17046165,-9.67704868,-3.50658703
6.920,-6.16613579,-9.68651867,-3.52038288
6.924,-6.15561342,-9.6810236,-3.52541018
6.928,-6.16262817,-9.680439,-3.51781082
6.932,-6.17467022,-9.70019722,-3.525527
6.936,-6.15011835,-9.6938839,-3.54376554
6.940,-6.14707851,-9.68733692,-3.54025841
6.944,-6.15198898,-9.68137455,-3.52938557
6.948,-6.13456917,-9.65740681,-3.52283764
6.952,-6.1370244,-9.67015076,-3.53312635
6.956,-6.14590979,-9.68336201,-3.53745222
6.960,-6.13714123,-9.68137455,-3.54423332
6.964,-6.12568378,-9.66687679,-3.54119301
6.968,-6.14193439,-9.67903614,-3.53710175
6.972,-6.14018106,-9.68406296,-3.54388189
6.976,-6.13994694,-9.69739151,-3.55744457
6.980,-6.13597202,-9.68324471,-3.54727268
6.984,-6.13187981,-9.68558311,-3.55370331
6.988,-6.12778807,-9.6826601,-3.55487204
6.992,-6.13959646,-9.7086153,-3.56901884
6.996,-6.14497423,-9.71562958,-3.57065535
7.000,-6.13620567,-9.71048546,-3.57427979
7.004,-6.13351679,-9.70592594,-3.57240915
7.008,-6.12603426,-9.69715786,-3.5711236
7.012,-6.13421822,-9.7068615,-3.57264328
7.016,-6.13375044,-9.72860718,-3.59485674
7.020,-6.13655663,-9.73001003,-3.59345341
7.024,-6.11410904,-9.71527958,-3.60117054
7.028,-6.10639286,-9.70089912,-3.59450626
7.032,-6.1026516,-9.69201374,-3.58936214
7.036,-6.10639286,-9.68686962,-3.58047676
7.040,-6.09528589,-9.62724304,-3.53195715
7.044,-6.09867668,-9.60456181,-3.50588512
7.048,-6.11516142,-9.61952686,-3.50436544
7.052,-6.11188793,-9.63098431,-3.51909637
7.056,-6.10592508,-9.62794495,-3.52201986
7.060,-6.07482624,-9.56095314,-3.4861269
7.064,-6.05611992,-9.53909016,-3.48297024
7.068,-6.05869198,-9.57170963,-3.51301765
7.072,-6.0650053,-9.56060219,-3.49559689
7.076,-6.07365704,-9.58725929,-3.51360226
7.080,-6.06933117,-9.58971405,-3.52038288
7.084,-6.07751513,-9.61344719,-3.53593206
7.088,-6.0768137,-9.61905956,-3.54224586
7.092,-6.08008718,-9.64454651,-3.56445932
7.096,-6.08640051,-9.67143631,-3.5850358
7.100,-6.09329844,-9.66711044,-3.57381201
7.104,-6.10721111,-9.67646408,-3.56925297
7.108,-6.10019636,-9.69025993,-3.59006357
7.112,-6.11679792,-9.7074461,-3.59064817
7.116,-6.1622777,-9.75690079,-3.59462309
7.120,-6.17712545,-9.77151489,-3.59438944
7.124,-6.16414833,-9.75865364,-3.59450531
7.128,-6.1616931,-9.76882553,-3.60713243
7.132,-6.14497423,-9.75912189,-3.61414766
7.136,-6.1572504,-9.76672077,-3.60947037
7.140,-6.15736723,-9.77958202,-3.62221479
7.144,-6.16613579,-9.77630806,-3.61017227
7.148,-6.16344643,-9.76765633,-3.6042099
7.152,-6.16707087,-9.76274586,-3.59567499
7.156,-6.17642403,-9.76882553,-3.5924015
7.160,-6.17595625,-9.7725668,-3.59661055
7.164,-6.18004847,-9.77046204,-3.59041357
7.168,-6.17782688,-9.76753998,-3.5897131
7.172,-6.1757226,-9.78449154,-3.60876894
7.176,-6.16742182,-9.79711819,-3.62969637
7.180,-6.16999388,-9.82611275,-3.65611887
7.184,-6.17385197,-9.83499908,-3.66114712
7.188,-6.15795183,-9.86153793,-3.7035861
7.192,-6.13059378,-9.79524803,-3.66465425
7.196,-6.06149817,-9.57813931,-3.51664114
7.200,-5.95078087,-9.45327568,-3.50249481
7.204,-5.6964941,-9.24329948,-3.54680538
7.208,-5.50498962,-9.00748444,-3.50249481
7.212,-5.36983776,-8.52954197,-3.15970421
7.216,-5.35732794,-7.92357969,-2.56625175
7.220,-5.41683674,-7.51052427,-2.09368753
7.224,-5.60635376,-7.92860699,-2.32225323
7.228,-5.83819342,-8.52276134,-2.68456793
7.232,-6.13351679,-9.08979225,-2.95627546
7.236,-6.26866865,-9.35074329,-3.08207464
7.240,-6.38417912,-9.59240341,-3.2082243
7.244,-6.42813873,-9.78308868,-3.35494995
7.248,-6.42089033,-9.83967495,-3.41878462
7.252,-6.38067198,-9.90163898,-3.52096701
7.256,-6.31777239,-9.88351727,-3.56574488
7.260,-6.24493551,-9.8518343,-3.60689878
7.264,-6.22272158,-9.81500626,-3.59228468
7.268,-6.17350101,-9.74824905,-3.57474804
7.272,-6.17268276,-9.74976826,-3.57708549
7.276,-6.1616931,-9.7462616,-3.5845685
7.280,-6.15760088,-9.74450779,-3.58690691
7.284,-6.14170074,-9.73012733,-3.58842659
7.288,-6.13994694,-9.73153019,-3.59158325
7.292,-6.14438963,-9.73573875,-3.59134912
7.296,-6.15023518,-9.74146748,-3.5912323
7.300,-6.14661121,-9.73994827,-3.59333706
7.304,-6.13468599,-9.72521687,-3.59053087
7.308,-6.11960411,-9.70300293,-3.58339882
7.312,-6.12182522,-9.71013546,-3.58831024
7.316,-6.13293219,-9.71866989,-3.58573771
7.320,-6.1312952,-9.7090826,-3.5777874
7.324,-6.12018871,-9.69119453,-3.57100582
7.328,-6.12124062,-9.69891167,-3.57767105
7.332,-6.12322855,-9.70440578,-3.58117723
7.336,-6.11013412,-9.70417213,-3.59403801
7.340,-6.11820126,-9.70230198,-3.58410072
7.344,-6.11422586,-9.68909073,-3.57486486
7.348,-6.10931587,-9.66944885,-3.56013298
7.352,-6.09972858,-9.66711044,-3.56738186
7.356,-6.10615921,-9.68125725,-3.57509804
7.360,-6.09587049,-9.66103172,-3.56516123
7.364,-6.09201241,-9.63916874,-3.54715633
7.368,-6.07190323,-9.61999512,-3.54809189
7.372,-6.07318926,-9.61929321,-3.54610395
7.376,-6.07716465,-9.6277113,-3.55054665
7.380,-6.06348562,-9.59591007,-3.53242445
7.384,-6.06360245,-9.58503723,-3.52143478
7.388,-6.05343103,-9.56329155,-3.50986052
7.392,-6.04758549,-9.549963,-3.50237751
7.396,-6.02887917,-9.5366354,-3.50775623
7.400,-6.0122776,-9.51594162,-3.50366402
7.404,-5.99894953,-9.48671341,-3.48776388
7.408,-5.98690701,-9.4580698,-3.4711628
7.412,-5.97802162,-9.44894981,-3.47092819
7.416,-5.96773338,-9.43749237,-3.46975899
7.420,-5.97977543,-9.4326992,-3.45292377
7.424,-5.97205925,-9.41481113,-3.44275188
7.428,-5.98071098,-9.4175005,-3.43678951
7.432,-5.98129559,-9.4192543,-3.43795872
7.436,-5.98737478,-9.42299557,-3.43562078
7.440,-5.97954178,-9.41282368,-3.4332819
7.444,-5.98550415,-9.42404747,-3.43854332
7.448,-5.97615099,-9.4197216,-3.44357061
7.452,-5.99216843,-9.45351028,-3.46134186
7.456,-6.00257349,-9.47233295,-3.46975946
7.460,-6.01753855,-9.50682259,-3.48928404
7.464,-6.02420282,-9.52552891,-3.50132608
7.468,-6.02841139,-9.54154587,-3.51313448
7.472,-6.04653311,-9.5630579,-3.51652479
7.476,-6.0650053,-9.60678387,-3.54177856
7.480,-6.08090591,-9.63460922,-3.55370331
7.484,-6.09318161,-9.65764046,-3.56445885
7.488,-6.09189558,-9.69177914,-3.59988356
7.492,-6.11399221,-9.72603512,-3.6120429
7.496,-6.12778807,-9.74766445,-3.61987638
7.500,-6.12650204,-9.7484827,-3.62198067
7.504,-6.13106155,-9.76239491,-3.63133335
7.508,-6.10604191,-9.73363495,-3.62759304
7.512,-6.15374279,-9.79431248,-3.64056969
7.516,-6.1560812,-9.8134861,-3.6574049
7.520,-6.16309595,-9.81395435,-3.6508584
7.524,-6.15117073,-9.79419613,-3.6430254
7.528,-6.16110849,-9.8140707,-3.65296221
7.532,-6.1621604,-9.81652641,-3.65436602
7.536,-6.16028976,-9.81828022,-3.65799046
7.540,-6.1560812,-9.81582451,-3.65974331
7.544,-6.15491199,-9.81898117,-3.66406918
7.548,-6.14906645,-9.81512356,-3.66605711
7.552,-6.16262817,-9.82108593,-3.65845776
7.556,-6.18145132,-9.84633923,-3.66488791
7.560,-6.17034435,-9.84236431,-3.67201996
7.564,-6.17198133,-9.8410778,-3.66909647
7.568,-6.17712545,-9.8400259,-3.66290045
7.572,-6.16765547,-9.83616734,-3.66851187
7.576,-6.18718004,-9.84517002,-3.65798998
7.580,-6.19021988,-9.85896587,-3.66874599
7.584,-6.19466257,-9.85861492,-3.66395235
7.588,-6.17899609,-9.85744572,-3.67844963
7.592,-6.17724228,-9.87112522,-3.69388294
7.596,-6.20120955,-9.90397739,-3.70276785
7.600,-6.18659544,-9.89380646,-3.70721102
7.604,-6.1825037,-9.87697029,-3.69446659
7.608,-5.94680595,-9.86878681,-3.92198086
7.612,-6.18624496,-9.86317444,-3.67692947
7.616,-6.19209051,-9.88024426,-3.68815374
7.620,-6.1903367,-9.87650299,-3.68616629
7.624,-6.18799829,-9.87077427,-3.68277597
7.628,-6.20144367,-9.88433647,-3.6828928
7.632,-6.18834925,-9.86188889,-3.67353964
7.636,-6.2223711,-9.89754772,-3.67517662
7.640,-6.18659544,-9.87615204,-3.6895566
7.644,-6.19501305,-9.90912151,-3.71410847
7.648,-6.19419479,-9.9180069,-3.7238121
7.652,-6.16531706,-9.89357185,-3.7282548
7.656,-6.17233229,-9.90327644,-3.73094416
7.660,-6.19688368,-9.91309643,-3.71621275
7.664,-6.16975975,-9.88807774,-3.71831799
7.668,-6.15456104,-9.86726665,-3.71270561
7.672,-6.16870785,-9.90210724,-3.73339939
7.676,-6.18612766,-9.93063354,-3.74450588
7.680,-6.18343878,-9.92221642,-3.73877764
7.684,-6.18554306,-9.92092991,-3.73538685
7.688,-6.19325972,-9.92806149,-3.73480177
7.692,-6.17361832,-9.91052437,-3.73690605
7.696,-6.16753864,-9.92771149,-3.76017284
7.700,-6.17525482,-9.94594955,-3.77069473
7.704,-6.19980669,-9.97015095,-3.77034426
7.708,-6.18285418,-9.9445467,-3.76169252
7.712,-6.18437433,-9.95962811,-3.77525377
7.716,-6.16087437,-9.97926998,-3.81839561
7.720,-6.14485741,-9.95612144,-3.81126404
7.724,-6.15479517,-9.91508484,-3.76028967
7.728,-6.15292454,-9.89427376,-3.74134922
7.732,-6.16578484,-9.90830326,-3.74251842
7.736,-6.1757226,-9.92572308,-3.75000048
7.740,-6.1639142,-9.88854504,-3.72463083
7.744,-6.14848185,-9.84470272,-3.69622087
7.748,-6.12872314,-9.82260609,-3.69388294
7.752,-6.17396879,-9.8663311,-3.69236231
7.756,-6.19115496,-9.87954235,-3.68838739
7.760,-6.17186451,-9.90958977,-3.73772526
7.764,-6.15444422,-9.91005707,-3.75561285
7.768,-6.11925316,-9.92852974,-3.80927658
7.772,-6.13047695,-9.96149921,-3.83102226
7.776,-6.13328314,-9.98733711,-3.85405397
7.780,-6.14906645,-10.013526,-3.86445951
7.784,-6.15210581,-10.0155134,-3.86340761
7.788,-6.1830883,-10.0366745,-3.8535862
7.792,-6.18718004,-10.0602913,-3.87311125
7.796,-6.19781923,-10.0800495,-3.88223028
7.800,-6.2285676,-10.1122007,-3.88363314
7.804,-6.22669697,-10.1202679,-3.8935709
7.808,-6.21570683,-10.1019125,-3.88620567
7.812,-6.22599554,-10.1230736,-3.89707804
7.816,-6.23382854,-10.1478596,-3.91403103
7.820,-6.22681379,-10.1475086,-3.92069483
7.824,-6.21874666,-10.1417799,-3.92303324
7.828,-6.248209,-10.1359339,-3.88772488
7.832,-6.28258133,-10.1504316,-3.8678503
7.836,-6.3009367,-10.1537046,-3.85276794
7.840,-6.29146671,-10.1496124,-3.85814571
7.844,-6.227983,-10.147275,-3.91929197
7.848,-6.19758558,-10.1397924,-3.94220686
7.852,-6.19290876,-10.1608362,-3.96792746
7.856,-6.19279194,-10.1711254,-3.97833347
7.860,-6.20039129,-10.1781397,-3.97774839
7.864,-6.20202827,-10.2067833,-4.00475502
7.868,-6.21933126,-10.2238531,-4.00452185
7.872,-6.22248793,-10.2463007,-4.02381277
7.876,-6.21161509,-10.1791916,-3.9675765
7.880,-6.13223076,-9.9581089,-3.82587814
7.884,-6.02946377,-9.81442165,-3.78495789
7.888,-5.79037571,-9.62630844,-3.83593273
7.892,-5.61921406,-9.41247272,-3.79325867
7.896,-5.45612001,-8.95335388,-3.49723387
7.900,-5.39906597,-8.56321335,-3.16414738
7.904,-5.3947401,-7.92673635,-2.53199625
7.908,-5.58764744,-8.38421917,-2.79657173
7.912,-5.8335166,-8.97054005,-3.13702345
7.916,-6.15245676,-9.48566151,-3.33320475
7.920,-6.308887,-9.73725891,-3.42837191
7.924,-6.48168516,-9.98990917,-3.50822401
7.928,-6.51407003,-10.1311407,-3.61707067
7.932,-6.51079655,-10.2618494,-3.75105286
7.936,-6.45187235,-10.318202,-3.86632967
7.940,-6.3864007,-10.3370256,-3.95062494
7.944,-6.30187225,-10.2848816,-3.98300934
7.948,-6.2420125,-10.2039776,-3.96196508
7.952,-6.2139535,-10.1491451,-3.93519163
7.956,-6.21605778,-10.1553421,-3.93928432
7.960,-6.22026682,-10.1562767,-3.93600988
7.964,-6.20541859,-10.1582642,-3.95284557
7.968,-6.22424173,-10.1784906,-3.95424891
7.972,-6.22938585,-10.1784906,-3.94910479
7.976,-6.20202827,-10.1652794,-3.96325111
7.980,-6.19863749,-10.1708908,-3.97225332
7.984,-6.22038364,-10.1872587,-3.96687508
7.988,-6.21067953,-10.1871424,-3.97646284
7.992,-6.20506763,-10.1729956,-3.96792793
7.996,-6.207757,-10.1865578,-3.97880077
8.000,-6.20179415,-10.162941,-3.96114683
8.004,-6.19559765,-10.1538219,-3.9582243
8.008,-6.19770241,-10.1475086,-3.94980621
8.012,-6.19162273,-10.153471,-3.96184826
8.016,-6.20612001,-10.1580305,-3.9519105
8.020,-6.18764782,-10.1518345,-3.96418667
8.024,-6.18016529,-10.1310234,-3.95085812
8.028,-6.18110037,-10.128685,-3.94758463
8.032,-6.18542624,-10.1311407,-3.94571447
8.036,-6.18402338,-10.128335,-3.94431162
8.040,-6.17922974,-10.1146555,-3.93542576
8.044,-6.17724228,-10.1078749,-3.93063259
8.048,-6.1763072,-10.0931435,-3.91683626
8.052,-6.17981434,-10.09443,-3.91461563
8.056,-6.15163851,-10.0705795,-3.91894102
8.060,-6.14894915,-10.0605249,-3.91157579
8.064,-6.15584707,-10.0661364,-3.91028929
8.068,-6.15304136,-10.0521069,-3.89906549
8.072,-6.14742947,-10.0256844,-3.87825489
8.076,-6.15526247,-10.0421696,-3.8869071
8.080,-6.12007189,-9.98640156,-3.86632967
8.084,-6.1240468,-9.9842968,-3.86025
8.088,-6.13047695,-9.97997093,-3.84949398
8.092,-6.10826349,-9.95635509,-3.8480916
8.096,-6.10218382,-9.96161556,-3.85943174
8.100,-6.10522366,-9.9445467,-3.83932304
8.104,-6.0914278,-9.92736053,-3.83593273
8.108,-6.09481859,-9.91450024,-3.81968164
8.112,-6.07821655,-9.91356468,-3.83534813
8.116,-6.08558226,-9.91730595,-3.83172369
8.120,-6.08277607,-9.91274643,-3.82997036
8.124,-6.08382845,-9.90900517,-3.82517672
8.128,-6.08406258,-9.91461658,-3.83055401
8.132,-6.08616686,-9.92163181,-3.83546495
8.136,-6.09236336,-9.94723606,-3.8548727
8.140,-6.08616686,-9.96255112,-3.87638426
8.144,-6.09201241,-9.98359585,-3.89158344
8.148,-6.09891033,-10.0104856,-3.91157532
8.152,-6.11866856,-10.0378437,-3.91917515
8.156,-6.13901186,-10.069293,-3.93028116
8.160,-6.15877008,-10.1084595,-3.94968939
8.164,-6.16543436,-10.1160583,-3.95062399
8.168,-6.15900373,-10.1263475,-3.96734381
8.172,-6.19349337,-10.1700726,-3.97657919
8.176,-6.20541859,-10.1931047,-3.98768616
8.180,-6.19489622,-10.1995354,-4.00463915
8.184,-6.20249557,-10.2166042,-4.01410866
8.188,-6.21208286,-10.2450142,-4.03293133
8.192,-6.20401573,-10.237649,-4.03363323
8.196,-6.23207474,-10.2865191,-4.05444431
8.200,-6.23207474,-10.2865191,-4.05444431
8.204,-6.22693062,-10.2885065,-4.06157589
8.208,-6.22926903,-10.2941179,-4.0648489
8.212,-6.22576141,-10.2961054,-4.07034397
8.216,-6.23499775,-10.3066273,-4.07162952
8.220,-6.22622919,-10.2975082,-4.07127905
8.224,-6.23745298,-10.3122396,-4.07478666
8.228,-6.24622154,-10.3129406,-4.06671906
8.232,-6.22330618,-10.303237,-4.07993078
8.236,-6.23172426,-10.3310623,-4.09933805
8.240,-6.24493551,-10.3449755,-4.10003996
8.244,-6.25007963,-10.3522243,-4.10214472
8.248,-6.25218391,-10.3448582,-4.09267426
8.252,-6.25522375,-10.355381,-4.10015726
8.256,-6.25732803,-10.3567839,-4.09945583
8.260,-6.25183344,-10.3498859,-4.0980525
8.264,-6.25931549,-10.3501196,-4.0908041
8.268,-6.25124884,-10.3311796,-4.07993078
8.272,-6.24645519,-10.3530426,-4.10658741
8.276,-6.24388313,-10.352809,-4.10892582
8.280,-6.25767899,-10.3623953,-4.1047163
8.284,-6.26200485,-10.3567839,-4.09477901
8.288,-6.25265169,-10.3445082,-4.09185648
8.292,-6.24435091,-10.3408833,-4.09653234
8.296,-6.25534058,-10.3606415,-4.1053009
8.300,-6.25335312,-10.3594723,-4.10611916
8.304,-6.25709438,-10.3473139,-4.0902195
8.308,-6.24914408,-10.3502369,-4.10109282
8.312,-6.24177885,-10.337142,-4.09536314
8.316,-6.248209,-10.3556147,-4.10740566
8.320,-6.2420125,-10.3580694,-4.11605692
8.324,-6.24423409,-10.358654,-4.11441994
8.328,-6.2425971,-10.3585377,-4.11594057
8.332,-6.24166155,-10.3538609,-4.11219931
8.336,-6.26293993,-10.3813353,-4.11839533
8.340,-6.24516916,-10.3789968,-4.13382769
8.344,-6.22997046,-10.3434553,-4.11348486
8.348,-6.23862219,-10.3599405,-4.12131834
8.352,-6.25089788,-10.3682413,-4.11734343
8.356,-6.24060965,-10.3819199,-4.14131021
8.360,-6.23979092,-10.402029,-4.16223812
8.364,-6.22283888,-10.3923254,-4.16948652
8.368,-6.24598742,-10.3985214,-4.15253401
8.372,-6.22950268,-10.3948975,-4.16539478
8.376,-6.22213697,-10.3749056,-4.15276861
8.380,-6.22845078,-10.4195662,-4.19111538
8.384,-6.21594095,-10.4112654,-4.19532442
8.388,-6.22061729,-10.3910389,-4.1704216
8.392,-6.23990822,-10.4236584,-4.18375015
8.396,-6.2347641,-10.418046,-4.1832819
8.400,-6.24248028,-10.4123173,-4.169837
8.404,-6.21699286,-10.3782959,-4.16130304
8.408,-6.23429632,-10.4110317,-4.1767354
8.412,-6.23698521,-10.423892,-4.18690681
8.416,-6.21056271,-10.3943129,-4.18375015
8.420,-6.18390656,-10.3819199,-4.19801331
8.424,-6.19863749,-10.3605251,-4.16188765
8.428,-6.20296335,-10.3395977,-4.13663435
8.432,-6.19863749,-10.2772827,-4.07864523
8.436,-6.17864561,-10.2354279,-4.05678225
8.440,-6.19431162,-10.2768145,-4.08250284
8.444,-6.18601084,-10.2600965,-4.07408571
8.448,-6.18741369,-10.2805557,-4.09314203
8.452,-6.15198898,-10.2623177,-4.11032867
8.456,-6.13456917,-10.2304001,-4.09583092
8.460,-6.15678263,-10.2625513,-4.10576868
8.464,-6.16625261,-10.2763472,-4.11009455
8.468,-6.16800642,-10.2772827,-4.10927629
8.472,-6.15491199,-10.2997303,-4.14481831
8.476,-6.14497423,-10.3169165,-4.17194223
8.480,-6.14403915,-10.3408833,-4.1968441
8.484,-6.13433504,-10.3417015,-4.20736647
8.488,-6.13258123,-10.3377266,-4.20514536
8.492,-6.15421057,-10.3634481,-4.20923758
8.496,-6.17209816,-10.3809843,-4.20888615
8.500,-6.16180992,-10.3632135,-4.20140362
8.504,-6.20401573,-10.4212027,-4.21718693
8.508,-6.21173191,-10.4311409,-4.21940899
8.512,-6.21862984,-10.4590826,-4.24045277
8.516,-6.23055506,-10.4824657,-4.25191069
8.520,-6.22166967,-10.4822321,-4.26056242
8.524,-6.20635366,-10.4815302,-4.27517653
8.528,-6.20495081,-10.4775553,-4.27260447
8.532,-6.21851301,-10.4963779,-4.27786493
8.536,-6.21255016,-10.4943905,-4.28184032
8.540,-6.22213697,-10.5024576,-4.28032064
8.544,-6.21371937,-10.4848042,-4.27108479
8.548,-6.21313477,-10.4732294,-4.26009464
8.552,-6.20951033,-10.4780226,-4.26851225
8.556,-6.21231651,-10.4871426,-4.27482605
8.560,-6.21067953,-10.492754,-4.28207445
8.564,-6.21126413,-10.5108757,-4.29961157
8.568,-6.2089262,-10.5224504,-4.31352425
8.572,-6.23160744,-10.5301666,-4.29855919
8.576,-6.22529411,-10.5249052,-4.29961109
8.580,-6.19922209,-10.4408445,-4.24162245
8.584,-6.14532518,-10.2519121,-4.10658693
8.588,-5.98725796,-10.0351543,-4.04789639
8.592,-5.79996252,-9.89263725,-4.09267473
8.596,-5.5374918,-9.52622986,-3.98873806
8.600,-5.4470005,-9.19700146,-3.75000095
8.604,-5.34961176,-8.53281593,-3.18320417
8.608,-5.36258888,-8.05440617,-2.69181728
8.612,-5.51656437,-8.37007236,-2.853508
8.616,-5.87034464,-9.23768711,-3.36734247
8.620,-6.0830102,-9.66722775,-3.58421755
8.624,-6.2869072,-10.1452875,-3.85838032
8.628,-6.37529373,-10.3792315,-4.00393772
8.632,-6.41878557,-10.5281792,-4.1093936
8.636,-6.36488867,-10.5928316,-4.22794294
8.640,-6.33530951,-10.5961056,-4.26079607
8.644,-6.25592518,-10.5301666,-4.27424145
8.648,-6.20799065,-10.454874,-4.24688339
8.652,-6.19688368,-10.4117327,-4.214849
8.656,-6.18273735,-10.4029646,-4.22022724
8.660,-6.19641638,-10.4330111,-4.23659468
8.664,-6.17478704,-10.4190989,-4.24431181
8.668,-6.17326736,-10.4136038,-4.24033642
8.672,-6.1560812,-10.4172277,-4.26114655
8.676,-6.16438198,-10.4345312,-4.27014923
8.680,-6.16566801,-10.429738,-4.26407003
8.684,-6.16578484,-10.4327774,-4.26699257
8.688,-6.15947151,-10.4290361,-4.26956463
8.692,-6.15502882,-10.4374542,-4.2824254
8.696,-6.14976788,-10.4380388,-4.28827095
8.700,-6.14298677,-10.4162922,-4.27330542
8.704,-6.13199711,-10.4131355,-4.28113842
8.708,-6.1172657,-10.402029,-4.28476334
8.712,-6.11492729,-10.4041338,-4.2892065
8.716,-6.14298677,-10.4278669,-4.28488016
8.720,-6.13351679,-10.424243,-4.29072618
8.724,-6.12112379,-10.3966513,-4.27552748
8.728,-6.11399221,-10.3912735,-4.27728128
8.732,-6.11516142,-10.3952484,-4.28008699
8.736,-6.12112379,-10.4015617,-4.28043795
8.740,-6.10791254,-10.3787632,-4.27085066
8.744,-6.10756207,-10.3690596,-4.2614975
8.748,-6.08745289,-10.3614597,-4.27400684
8.752,-6.09107733,-10.3497686,-4.25869131
8.756,-6.08324385,-10.3468456,-4.26360178
8.760,-6.07997036,-10.3166819,-4.2367115
8.764,-6.07669687,-10.3162146,-4.23951769
8.768,-6.06278419,-10.2867527,-4.22396851
8.772,-6.05518484,-10.2915459,-4.23636103
8.776,-6.05343103,-10.2864017,-4.23297071
8.780,-6.05623674,-10.2673445,-4.21110773
8.784,-6.04138899,-10.2416239,-4.20023489
8.788,-6.02876234,-10.2079525,-4.17919016
8.792,-6.02478743,-10.2061987,-4.18141127
8.796,-6.01029015,-10.190299,-4.18000889
8.800,-6.00900364,-10.1800108,-4.17100716
8.804,-6.00397682,-10.1480932,-4.1441164
8.808,-5.99649429,-10.1275158,-4.1310215
8.812,-5.99006367,-10.1240091,-4.13394547
8.816,-5.9908824,-10.115591,-4.12470865
8.820,-5.98866081,-10.1085758,-4.11991501
8.824,-5.98760891,-10.1020288,-4.11441994
8.828,-5.98129559,-10.0917406,-4.11044502
8.832,-5.97743702,-10.0951309,-4.1176939
8.836,-5.98106146,-10.1106806,-4.12961912
8.840,-5.99450684,-10.1423645,-4.14785767
8.844,-5.98772573,-10.1599016,-4.17217588
8.848,-5.99532509,-10.1789579,-4.18363285
8.852,-6.01157618,-10.2224503,-4.21087408
8.856,-6.02233219,-10.243845,-4.22151279
8.860,-6.03566027,-10.2730732,-4.23741293
8.864,-6.05179405,-10.2984438,-4.24664974
8.868,-6.06664228,-10.334219,-4.26757669
8.872,-6.07751513,-10.3699951,-4.29247999
8.876,-6.084764,-10.3923254,-4.3075614
8.880,-6.10592508,-10.4172277,-4.31130266
8.884,-6.10534048,-10.4317255,-4.32638502
8.888,-6.10463905,-10.4374542,-4.33281517
8.892,-6.11375856,-10.4568615,-4.34310293
8.896,-6.11434317,-10.4663315,-4.35198832
8.900,-6.13246441,-10.4745159,-4.34205151
8.904,-6.12486506,-10.4756851,-4.35082006
8.908,-6.14380503,-10.5112267,-4.36742163
8.912,-6.13831043,-10.5085373,-4.37022686
8.916,-6.14146709,-10.5092392,-4.3677721
8.920,-6.1352706,-10.5019903,-4.36671972
8.924,-6.13316584,-10.5074854,-4.37431955
8.928,-6.12685251,-10.4978981,-4.37104559
8.932,-6.14076519,-10.5150843,-4.37431908
8.936,-6.13784266,-10.5177736,-4.37993097
8.940,-6.13164616,-10.5147333,-4.38308716
8.944,-6.13106155,-10.5159025,-4.38484097
8.948,-6.13515377,-10.5140324,-4.37887859
8.952,-6.12100697,-10.5126295,-4.39162254
8.956,-6.12580061,-10.5159025,-4.39010191
8.960,-6.12053919,-10.5073681,-4.3868289
8.964,-6.1364398,-10.5300493,-4.39360952
8.968,-6.13667345,-10.514266,-4.37759256
8.972,-6.14579248,-10.5370646,-4.39127207
8.976,-6.1363225,-10.5306339,-4.39431143
8.980,-6.13363361,-10.5205793,-4.38694572
8.984,-6.13760853,-10.5222158,-4.38460732
8.988,-6.1363225,-10.5114603,-4.37513781
8.992,-6.13421822,-10.5206966,-4.38647842
8.996,-6.1364398,-10.5362463,-4.3998065
9.000,-6.14076519,-10.5372982,-4.39653301
9.004,-6.12311125,-10.5281792,-4.40506792
9.008,-6.12708664,-10.5413904,-4.41430378
9.012,-6.13983011,-10.5491066,-4.40927649
9.016,-6.13410139,-10.551445,-4.41734362
9.020,-6.13199711,-10.5506258,-4.41862869
9.024,-6.11878586,-10.5341415,-4.41535568
9.028,-6.1172657,-10.533206,-4.41594028
9.032,-6.12743711,-10.5493402,-4.42190313
9.036,-6.15678263,-10.5786858,-4.42190313
9.040,-6.14415598,-10.5669937,-4.42283773
9.044,-6.13258123,-10.5487556,-4.41617441
9.048,-6.13328314,-10.5492229,-4.41593981
9.052,-6.13386774,-10.5501585,-4.41629076
9.056,-6.13795948,-10.5689821,-4.43102264
9.060,-6.12369585,-10.5564718,-4.43277597
9.064,-6.12486506,-10.5512104,-4.42634535
9.068,-6.12322855,-10.5582256,-4.43499708
9.072,-6.1312952,-10.5681629,-4.43686771
9.076,-6.13936234,-10.5784521,-4.43908978
9.080,-6.13059378,-10.5679293,-4.43733549
9.084,-6.12638521,-10.5611486,-4.43476343
9.088,-6.11960411,-10.5652409,-4.44563675
9.092,-6.11457682,-10.5620842,-4.44750738
9.096,-6.09961176,-10.5627851,-4.46317339
9.100,-6.08885574,-10.5356617,-4.44680595
9.104,-6.09364939,-10.5257235,-4.43207407
9.108,-6.0908432,-10.4877272,-4.39688396
9.112,-6.08897257,-10.4739313,-4.38495874
9.116,-6.10463905,-10.4805946,-4.37595558
9.120,-6.10253477,-10.4835176,-4.38098288
9.124,-6.08698511,-10.4673834,-4.38039827
9.128,-6.07833338,-10.4731121,-4.39477873
9.132,-6.05167723,-10.4344139,-4.38273668
9.136,-6.03975201,-10.4411955,-4.40144348
9.140,-6.05471706,-10.464695,-4.40997791
9.144,-6.05962753,-10.4520683,-4.3924408
9.148,-6.06594086,-10.4577971,-4.39185619
9.152,-6.07190323,-10.4932213,-4.42131805
9.156,-6.0706172,-10.5119276,-4.44131041
9.160,-6.05343103,-10.526659,-4.47322798
9.164,-6.06021214,-10.5252562,-4.46504402
9.168,-6.06687593,-10.5487556,-4.48187971
9.172,-6.09154463,-10.5543671,-4.46282244
9.176,-6.10569143,-10.5688648,-4.46317339
9.180,-6.13152933,-10.6026525,-4.47112322
9.184,-6.14731264,-10.6084986,-4.46118593
9.188,-6.15432739,-10.635272,-4.48094463
9.192,-6.15923786,-10.6471968,-4.48795891
9.196,-6.17116308,-10.6697607,-4.49859762
9.200,-6.17046165,-10.6649675,-4.49450588
9.204,-6.18098354,-10.6570177,-4.47603416
9.208,-6.17443657,-10.6561995,-4.48176289
9.212,-6.17759323,-10.6616945,-4.4841013
9.216,-6.18460798,-10.6750221,-4.49041414
9.220,-6.18636179,-10.6613436,-4.47498178
9.224,-6.18039894,-10.6543283,-4.47392941
9.228,-6.17969751,-10.6539774,-4.47427988
9.232,-6.1897521,-10.6763086,-4.48655653
9.236,-6.1773591,-10.6717482,-4.49438906
9.240,-6.18472481,-10.6767759,-4.49205112
9.244,-6.18028212,-10.6689425,-4.48866034
9.248,-6.1763072,-10.6834402,-4.50713301
9.252,-6.19185638,-10.7141886,-4.52233219
9.256,-6.21173191,-10.7425985,-4.53086662
9.260,-6.19781923,-10.7359343,-4.53811502
9.264,-6.14579248,-10.6417017,-4.49590921
9.268,-6.04115486,-10.4219046,-4.3807497
9.272,-5.81726551,-10.2369471,-4.41968155
9.276,-5.60459995,-10.0974693,-4.49286938
9.280,-5.38047695,-9.63706398,-4.25658703
9.284,-5.28390646,-9.2613039,-3.97739744
9.288,-5.27583933,-8.53948021,-3.26364088
9.292,-5.32353973,-8.37392998,-3.05039024
9.296,-5.6566267,-9.02338505,-3.36675835
9.300,-6.00187206,-9.73819447,-3.7363224
9.304,-6.18273735,-10.0872984,-3.90456104
9.308,-6.36231661,-10.4131355,-4.05081892
9.312,-6.40954971,-10.5921307,-4.18258095
9.316,-6.46192694,-10.7473917,-4.28546476
9.320,-6.42732048,-10.7841024,-4.35678196
9.324,-6.36032915,-10.7866745,-4.42634535
9.328,-6.30432749,-10.7565107,-4.45218325
9.332,-6.2364006,-10.6874151,-4.45101452
9.336,-6.20343113,-10.6246328,-4.42120171
9.340,-6.17899609,-10.6027699,-4.42377377
9.344,-6.17338419,-10.5986776,-4.42529345
9.348,-6.18110037,-10.613409,-4.43230867
9.352,-6.16718769,-10.6227617,-4.45557404
9.356,-6.17887926,-10.6329336,-4.45405436
9.360,-6.16286182,-10.6106033,-4.44774151
9.364,-6.15502882,-10.5943518,-4.43932295
9.368,-6.14240217,-10.595521,-4.4531188
9.372,-6.13912868,-10.6003141,-4.46118546
9.376,-6.14099932,-10.6113043,-4.47030497
9.380,-6.12544966,-10.5895586,-4.46410894
9.384,-6.12018871,-10.5793867,-4.459198
9.388,-6.11574602,-10.5756454,-4.45989943
9.392,-6.11527824,-10.572957,-4.45767879
9.396,-6.11329079,-10.5741262,-4.46083546
9.400,-6.10674334,-10.5598621,-4.4531188
9.404,-6.11831808,-10.5500412,-4.43172312
9.408,-6.10311937,-10.5430269,-4.43990755
9.412,-6.10428858,-10.5507431,-4.44645452
9.416,-6.08897257,-10.5488729,-4.45990038
9.420,-6.08733606,-10.545248,-4.45791197
9.424,-6.08102274,-10.5293484,-4.44832563
9.428,-6.07880116,-10.5191765,-4.44037533
9.432,-6.06746054,-10.5213976,-4.45393705
9.436,-6.06874657,-10.5008211,-4.43207455
9.440,-6.0717864,-10.4879608,-4.41617441
9.444,-6.05635405,-10.4714756,-4.41512156
9.448,-6.05132675,-10.4622393,-4.41091251
9.452,-6.04875469,-10.4444685,-4.39571381
9.456,-6.0644207,-10.4325438,-4.36812305
9.460,-6.05541849,-10.4026136,-4.34719515
9.464,-6.04244137,-10.3777113,-4.33526993
9.468,-6.00865316,-10.3668385,-4.35818529
9.472,-5.99053144,-10.3463783,-4.35584688
9.476,-5.98480272,-10.3408833,-4.35608053
9.480,-5.97135782,-10.3041725,-4.33281469
9.484,-5.96890259,-10.293066,-4.32416344
9.488,-5.95557451,-10.2720213,-4.31644678
9.492,-5.95300245,-10.2638378,-4.31083536
9.496,-5.94458437,-10.2487555,-4.30417109
9.500,-5.96013403,-10.2433777,-4.28324366
9.504,-5.95615911,-10.2257233,-4.26956415
9.508,-5.95534039,-10.2312183,-4.27587795
9.512,-5.9594326,-10.2377653,-4.27833271
9.516,-5.96375847,-10.2561207,-4.29236221
9.520,-5.97720337,-10.2610312,-4.28382778
9.524,-5.99684477,-10.2881556,-4.29131079
9.528,-6.00584698,-10.3014832,-4.29563618
9.532,-6.00795174,-10.3383112,-4.33035946
9.536,-6.03823233,-10.3770094,-4.33877707
9.540,-6.03542614,-10.3926764,-4.35725021
9.544,-6.03437424,-10.4348822,-4.40050793
9.548,-6.03414011,-10.4501972,-4.41605711
9.552,-6.05728912,-10.4897146,-4.4324255
9.556,-6.06734371,-10.5019903,-4.43464661
9.560,-6.08581591,-10.5243206,-4.4385047
9.564,-6.10054731,-10.5379992,-4.43745184
9.568,-6.1104846,-10.5513277,-4.44084311
9.572,-6.12521601,-10.5744762,-4.44926023
9.576,-6.13199711,-10.586051,-4.45405388
9.580,-6.14181757,-10.5911951,-4.44937754
9.584,-6.14216852,-10.6028862,-4.46071768
9.588,-6.15327501,-10.5989113,-4.44563627
9.592,-6.1701107,-10.6129408,-4.44283009
9.596,-6.1689415,-10.6269703,-4.45802879
9.600,-6.19711781,-10.6242819,-4.42716408
9.604,-6.18437433,-10.6194887,-4.43511438
9.608,-6.16964293,-10.6246328,-4.45498991
9.612,-6.13375044,-10.6210079,-4.48725748
9.616,-6.13012648,-10.6194887,-4.48936224
9.620,-6.13106155,-10.6284904,-4.49742889
9.624,-6.20728922,-10.6248665,-4.41757727
9.628,-6.22225428,-10.6303616,-4.40810728
9.632,-6.20109272,-10.6275549,-4.42646217
9.636,-6.17806101,-10.6426373,-4.46457624
9.640,-6.15923786,-10.6344528,-4.47521496
9.644,-6.22190332,-10.6249828,-4.40307951
9.648,-6.31555128,-10.6245155,-4.30896425
9.652,-6.35553551,-10.6392469,-4.28371143
9.656,-6.29579258,-10.6362066,-4.34041405
9.660,-6.16929245,-10.6387787,-4.46948624
9.664,-6.09388304,-10.6208916,-4.52700853
9.668,-6.08698511,-10.6227617,-4.53577662
9.672,-6.17455339,-10.6433382,-4.46878481
9.676,-6.16613579,-10.6270876,-4.46095181
9.680,-6.16145897,-10.6200733,-4.45861435
9.684,-6.14474058,-10.6348038,-4.49006319
9.688,-6.08605003,-10.6122398,-4.5261898
9.692,-6.08347797,-10.6238136,-4.54033566
9.696,-6.12930775,-10.6115379,-4.48223019
9.700,-6.1493001,-10.6298933,-4.4805932
9.704,-6.11773348,-10.6194887,-4.50175524
9.708,-6.14415598,-10.6191378,-4.47498178
9.712,-6.25089788,-10.6312962,-4.38039827
9.716,-6.29333735,-10.6240482,-4.33071089
9.720,-6.24926138,-10.6200733,-4.37081194
9.724,-6.12170839,-10.6132917,-4.49158335
9.728,-6.10101461,-10.6051083,-4.50409365
9.732,-6.12252712,-10.6030035,-4.48047638
9.736,-6.20343113,-10.5916624,-4.38823128
9.740,-6.27638531,-10.5903769,-4.31399155
9.744,-6.23429632,-10.5848818,-4.35058546
9.748,-6.18718004,-10.5871029,-4.39992285
9.752,-6.12802172,-10.6143436,-4.48632193
9.756,-6.09107733,-10.6282568,-4.53717947
9.760,-6.14824772,-10.6158638,-4.46761608
9.764,-6.1156292,-10.6114216,-4.49579239
9.768,-6.08371162,-10.6061602,-4.52244854
9.772,-6.06044579,-10.6160975,-4.55565166
9.776,-6.05541849,-10.6117716,-4.55635309
9.780,-6.07389069,-10.6163321,-4.54244137
9.784,-6.0773983,-10.6143436,-4.53694534
9.788,-6.08944035,-10.6003141,-4.51087379
9.792,-6.10779572,-10.6162148,-4.50841904
9.796,-6.15701628,-10.6155128,-4.45849657
9.800,-6.19828701,-10.5914288,-4.39314175
9.804,-6.24575377,-10.595521,-4.34976721
9.808,-6.17806101,-10.5957546,-4.41769361
9.812,-6.15491199,-10.5911951,-4.43628311
9.816,-6.0897913,-10.5934162,-4.50362492
9.820,-6.06266737,-10.5871029,-4.52443552
9.824,-6.09271383,-10.5848818,-4.49216795
9.828,-6.13152933,-10.5859337,-4.45440435
9.832,-6.18659544,-10.5785685,-4.39197302
9.836,-6.15070295,-10.573307,-4.42260408
9.840,-6.10627604,-10.582777,-4.47650099
9.844,-6.06313467,-10.5777502,-4.51461554
9.848,-6.0655899,-10.5786858,-4.51309586
9.852,-6.07470942,-10.570385,-4.49567556
9.856,-6.08675146,-10.5714369,-4.48468542
9.860,-6.07845068,-10.5596285,-4.48117781
9.864,-6.07646275,-10.5128632,-4.43640041
9.868,-6.07026672,-10.504796,-4.4345293
9.872,-6.08160734,-10.4762688,-4.39466143
9.876,-6.09902716,-10.4518347,-4.35280752
9.880,-6.08628368,-10.4361677,-4.34988403
9.884,-6.08382845,-10.424243,-4.34041452
9.888,-6.09248018,-10.4302053,-4.33772516
9.892,-6.12720346,-10.4530039,-4.32580042
9.896,-6.17876244,-10.4415455,-4.26278305
9.900,-6.41668129,-10.4383888,-4.02170753
9.904,-6.39797497,-10.4408445,-4.04286957
9.908,-6.13667345,-10.4472752,-4.31060171
9.912,-5.951015,-10.4371033,-4.48608828
9.916,-5.85912085,-10.4406109,-4.58149004
9.920,-5.89805317,-10.4587326,-4.56067944
9.924,-5.95767879,-10.48913,-4.53145123
9.928,-5.99544191,-10.4961443,-4.50070238
9.932,-6.01379728,-10.4988337,-4.48503637
9.936,-6.03577709,-10.5147333,-4.47895622
9.940,-6.0785675,-10.5286465,-4.45007896
9.944,-6.0908432,-10.5353107,-4.44446754
9.948,-6.1156292,-10.5381165,-4.42248726
9.952,-6.14438963,-10.570034,-4.4256444
9.956,-6.14731264,-10.5855837,-4.43827105
9.960,-6.14918327,-10.5851154,-4.43593216
9.964,-6.16426516,-10.5720215,-4.40775633
9.968,-6.15619802,-10.5771656,-4.42096758
9.972,-6.16695404,-10.5963392,-4.42938519
9.976,-6.17127991,-10.60464,-4.4333601
9.980,-6.16590166,-10.5899096,-4.42400789
9.984,-6.17607307,-10.5935335,-4.41746044
9.988,-6.16484976,-10.5842972,-4.41944742
9.992,-6.17467022,-10.5883894,-4.41371918
9.996,-6.18577719,-10.6037054,-4.41792822
